SUBSTATION_ID,SUBSTATION_NAME,DISPLAY NAME,CAPACITY,DC CAPACITY,STATE_NAME,ENERGY TYPE,SUBSTATION_TYPE,Band,Tag
SS00001,Kandamanur,Kandamanur,51,51,IN_TN,WIND,INTRA_STATE,,
SS00002,Kalamangi,Kalamangi,24,24,IN_KA,WIND,INTRA_STATE,,
SS00003,Sidenur,Sidenur,31.5,31.5,IN_KA,WIND,INTRA_STATE,,
SS00004,Tadipatri,Tadipatri,50.4,50.4,IN_AP,WIND,INTRA_STATE,,
SS00013,Saundatti_Suzlon,Saundatti,10.5,10.5,IN_KA,WIND,INTRA_STATE,,
SS00014,Raybag,Raybag,100.3,100.3,IN_KA,WIND,INTRA_STATE,,
SS00015,Yelisur,Yelisur,69.7,69.7,IN_KA,WIND,INTRA_STATE,,
SS00016,Vijayapathi_Koodankulam,Vijayapathi_Koodankulam,56.5,56.5,IN_TN,WIND,INTRA_STATE,,
SS00017,Amuthapuram,Amuthapuram,77.7,77.7,IN_TN,WIND,INTRA_STATE,,
SS00026,Rastha,Rastha,25.2,25.2,IN_TN,WIND,INTRA_STATE,,
SS00027,Sadayapalayam,Sadayapalayam,51,51,IN_TN,WIND,INTRA_STATE,,
SS00030,Yalakuranahalli,Yalakuranahalli,36,36,IN_KA,WIND,INTRA_STATE,,
SS00031,Alangulam,Alangulam,22.5,22.5,IN_TN,WIND,INTRA_STATE,,
SS00033,Paruthiyur_Mytrah,Paruthiyur_Mytrah,100.5,100.5,IN_TN,WIND,INTRA_STATE,,
SS00036,Odwara_Renew,Odwara_Renew,51,51,IN_RJ,WIND,INTRA_STATE,,
SS00037,Bhatkheda,Bhatkheda,170,170,IN_MP,WIND,INTRA_STATE,0.15,Daily
SS00039,Nanimatli,Nanimatli,24.5,24.5,IN_GJ,WIND,INTRA_STATE,0.12,
SS00040,Gudagon,Gudagon,28,28,IN_MP,WIND,INTRA_STATE,,
SS00041,Afzalpur,Afzalpur,15,15,IN_MP,WIND,INTRA_STATE,,
SS00042,Kuchdod,Kuchdod,15,15,IN_MP,WIND,INTRA_STATE,,
SS00043,Thirumalayapalli,Thirumalayapalli,94.5,94.5,IN_AP,WIND,INTRA_STATE,,
SS00045,Dalot_Greenko,Dalot_Greenko,28.5,28.5,IN_RJ,WIND,INTRA_STATE,,
SS00046,Khachrod,Sandla_I,14.7,14.7,IN_MP,WIND,INTRA_STATE,,
SS00049,Bap_Terraform,Bap_Terraform,4.5,5,IN_RJ,SOLAR,INTRA_STATE,,
SS00050,Sawreej,Sawreej,20,24,IN_RJ,SOLAR,INTRA_STATE,,
SS00051,BADISID_TERRAFORM,BADISID_TERRAFORM,30,39,IN_RJ,SOLAR,INTRA_STATE,0.15,Daily
SS00052,Sitamau_Volta,Sitamau_Volta,20,26,IN_MP,SOLAR,INTRA_STATE,,
SS00053,Sitamau_Sitara,Sitamau_Sitara,30,31,IN_MP,SOLAR,INTRA_STATE,,
SS00055,Sitamau_Photovoltaic,Sitamau_Photovoltaic,10,11.5,IN_MP,SOLAR,INTRA_STATE,,
SS00056,Tagguparthy_2,Deddukunta,100,100,IN_AP,WIND,INTRA_STATE,,
SS00057,Jamgodhrani,Jamgodhrani,30,30,IN_MP,WIND,INTRA_STATE,,
SS00059,PS3_WELSPUN,PS3_WELSPUN,50,55,IN_RJ,SOLAR,INTRA_STATE,,
SS00062,Neemuch,Neemuch,105,130,IN_MP,SOLAR,INTRA_STATE,,
SS00065,Musiri,Musiri,50,58.48,IN_TN,SOLAR,INTRA_STATE,,
SS00067,PRTAPGRH_WELSPUN_TATA,PRTAPGRH_WELSPUN_TATA,126,126,IN_RJ,WIND,INTRA_STATE,,
SS00068,Bitta,Bitta,40,40,IN_GJ,SOLAR,INTRA_STATE,0.07,
SS00078,Borampalli,Borampalli_Blyth,25.6,25.6,IN_AP,WIND,INTRA_STATE,,
SS00079,Odwara_Greenko,Odwara_Greenko,13.5,13.5,IN_RJ,WIND,INTRA_STATE,,
SS00081,Lapatiya,Bercha-Lapatiya,50,50,IN_MP,WIND,INTRA_STATE,,
SS00093,Ghonsla,Ghonsla,30,30,IN_MP,WIND,INTRA_STATE,,
SS00094,Dhedpani,Dhedpani_Betul,49.5,49.5,IN_MP,WIND,INTRA_STATE,,
SS00096,Bherugarh,Bherugarh,30,30,IN_MP,WIND,INTRA_STATE,,
SS00097,Mandvi,Mandvi,15,15,IN_MP,WIND,INTRA_STATE,,
SS00098,Nagari,Nagari,15,15,IN_MP,WIND,INTRA_STATE,,
SS00099,Dhamnar,Dhamnar,15,15,IN_MP,WIND,INTRA_STATE,,
SS00115,Gorsar,Gorsar,25.5,25.5,IN_GJ,WIND,INTRA_STATE,0.12,
SS00118,Vasai,Vasai,30.75,30.75,IN_GJ,WIND,INTRA_STATE,0.12,
SS00121,Motagunda_Suzlon,Motagunda_Suzlon,130.2,130.2,IN_GJ,WIND,INTRA_STATE,0.12,
SS00140,Balambh,Balambh,33,33,IN_GJ,WIND,INTRA_STATE,0.12,
SS00155,Dhorasiya,Dhorasiya,32.25,32.25,IN_GJ,WIND,INTRA_STATE,0.12,
SS00159,Nanikundal,Nanikundal,26,26,IN_GJ,WIND,INTRA_STATE,0.12,
SS00160,Galla,Galla,26,28.6,IN_GJ,WIND,INTRA_STATE,0.12,
SS00161,Dasaramadian,Dasaramadian,15,15,IN_MP,WIND,INTRA_STATE,,
SS00162,Jitpura,Jitpura,15,15,IN_MP,WIND,INTRA_STATE,,
SS00163,Rangenahalli,Rangenahalli,10,11.8,IN_KA,SOLAR,INTRA_STATE,,
SS00164,Kalmarahalli,Kalmarahalli,20,21.6,IN_KA,SOLAR,INTRA_STATE,,
SS00165,Kamachipuram,Kamachipuram,49.5,49.5,IN_TN,WIND,INTRA_STATE,,
SS00166,Antipati,Antipati,49.5,49.5,IN_TN,WIND,INTRA_STATE,,
SS00167,Saundatti_WWIL,CLP_Saundatti,72,72,IN_KA,WIND,INTRA_STATE,,
SS00168,Basavapattna,Basavapattna,24.6,24.6,IN_KA,WIND,INTRA_STATE,,
SS00169,Gajendragad,Gajendragad,33.6,33.6,IN_KA,WIND,INTRA_STATE,,
SS00170,Chikkodi_Galataga,Chikkodi_Galataga,19.55,19.55,IN_KA,WIND,INTRA_STATE,,
SS00172,Andhra_Lake,Andhra Lake,106.4,106.4,IN_MH,WIND,INTRA_STATE,0.15,Daily
SS00173,Harapanahalli,Harapanahalli,39.6,39.6,IN_KA,WIND,INTRA_STATE,,
SS00181,Kakkeharavu,Kakkeharavu,47.4,47.4,IN_KA,WIND,INTRA_STATE,,
SS00182,Nandanahosor,Nandanahosor,40.73,40.73,IN_KA,WIND,INTRA_STATE,,
SS00184,Bothe,Bothe,199.7,199.7,IN_MH,WIND,INTRA_STATE,,
SS00189,Tagguparthy_1E,Tagguparthy-1E,54,54,IN_AP,WIND,INTRA_STATE,,
SS00190,Tagguparthy_1,Tagguparthy_1,100,100,IN_AP,WIND,INTRA_STATE,,
SS00191,Bap_Kanoria,Bap_Kanoria,5,5,IN_RJ,SOLAR,INTRA_STATE,,
SS00194,Bap_Jakson,Bap_Jakson_1,10,11.3,IN_RJ,SOLAR,INTRA_STATE,,
SS00195,Bhadrada_JS,Bhadrada_JS,5,6,IN_GJ,SOLAR,INTRA_STATE,0.07,
SS00202,Gujanur,Gujanur,39,39,IN_KA,WIND,INTRA_STATE,,
SS00204,Jogimatli,Jogimatti,31.25,31.25,IN_KA,WIND,INTRA_STATE,,
SS00205,Kallenahalli,Kallenahalli,12.6,12.6,IN_KA,WIND,INTRA_STATE,,
SS00208,Kudurekunda,Kudurekunda,73,73,IN_KA,WIND,INTRA_STATE,,
SS00209,Kundoor,Kundoor,12,12,IN_KA,WIND,INTRA_STATE,,
SS00210,Nichapura,Nichapura,72.25,72.25,IN_KA,WIND,INTRA_STATE,,
SS00211,Nittur_1,Nittur,61.25,61.25,IN_KA,WIND,INTRA_STATE,,
SS00213,KPTCL_Gadag,KPTCL_Gadag,24.15,24.15,IN_KA,WIND,INTRA_STATE,,
SS00214,Harthi,Harthi,238.4,238.4,IN_KA,WIND,INTRA_STATE,,
SS00217,Nerlekunta,Nerlekunta,10,11.005,IN_KA,SOLAR,INTRA_STATE,,
SS00220,Kapeli,Kapeli,10,12,IN_MP,SOLAR,INTRA_STATE,,
SS00221,GULABPURA_GULABPURA,GULABPURA_GULABPURA,5,5.4,IN_RJ,SOLAR,INTRA_STATE,,
SS00222,Bap_Jakson_2,Bap_Jakson_2,10,11.29,IN_RJ,SOLAR,INTRA_STATE,,
SS00224,Dharanahatti,Dharanahatti,50.4,50.4,IN_KA,WIND,INTRA_STATE,,
SS00225,Fortune_five,Fortune_five,165.2,165.2,IN_KA,WIND,INTRA_STATE,,
SS00229,Vyshali,Vyshali,224,224,IN_KA,WIND,INTRA_STATE,,
SS00230,Gonur,Gonur,62.3,62.3,IN_KA,WIND,INTRA_STATE,,
SS00231,Jagular,Jagular,27.65,27.65,IN_KA,WIND,INTRA_STATE,,
SS00232,Tanot,Tanot,120,120,IN_RJ,WIND,INTRA_STATE,,
SS00237,Rayala,Rayala,159.2,159.2,IN_AP,WIND,INTRA_STATE,,
SS00239,Gim_2,Gim_2,73.6,73.6,IN_KA,WIND,INTRA_STATE,,
SS00241,Devas,Devas,22.5,22.5,IN_MP,WIND,INTRA_STATE,,
SS00242,Saipuram,Saipuram,144.5,144.5,IN_AP,WIND,INTRA_STATE,,
SS00244,AGETL,AGETL,216,260,IN_TN,SOLAR,INTRA_STATE,,
SS00245,RSPL,RSPL,72,86.4,IN_TN,SOLAR,INTRA_STATE,,
SS00246,KREL,KREL,72,86.4,IN_TN,SOLAR,INTRA_STATE,,
SS00247,Khanapur_Greenko,Khanapur_Greenko,34,34,IN_MH,WIND,INTRA_STATE,,
SS00249,Achampet_AB,Achampet_AB,5,5.6,IN_TG,SOLAR,INTRA_STATE,,
SS00250,Savalsung,Savalsung,95.2,95.2,IN_KA,WIND,INTRA_STATE,,
SS00253,Maliya,Maliya,40,40,IN_GJ,WIND,INTRA_STATE,0.12,
SS00254,Gurvepalli,Gurvepalli,120,120,IN_AP,WIND,INTRA_STATE,,
SS00255,Bableshwar,Bableshwar,200,200,IN_KA,WIND,INTRA_STATE,,
SS00256,RREL,RREL,72,86.4,IN_TN,SOLAR,INTRA_STATE,,
SS00257,KSPL,KSPL,216,260,IN_TN,SOLAR,INTRA_STATE,,
SS00260,Chikkodi,Chikkodi,47,47,IN_KA,WIND,INTRA_STATE,,
SS00263,GV_Palli,GV_Palli,25.5,25.5,IN_AP,WIND,INTRA_STATE,,
SS00264,KPTCL_Rampur,KPTCL_Rampur,7,7.7,IN_KA,SOLAR,INTRA_STATE,,
SS00265,Venus,Venus,30,33.86,IN_KA,SOLAR,INTRA_STATE,,
SS00266,Diamond,Diamond,30,33.86,IN_KA,SOLAR,INTRA_STATE,,
SS00267,KPTCL_Kundur,KPTCL_Kundur,10,10,IN_KA,WIND,INTRA_STATE,,
SS00268,I_D_Halli,I_D_Halli,26.38,31.14,IN_KA,SOLAR,INTRA_STATE,,
SS00269,KPTCL_Laxmeshwar,KPTCL_Laxmeshwar,16,16,IN_KA,WIND,INTRA_STATE,,
SS00270,Dyavarahalli,Celestial_10,10,11.99,IN_KA,SOLAR,INTRA_STATE,,
SS00272,Kandorana,Kandorana,50.4,50.4,IN_GJ,WIND,INTRA_STATE,0.12,
SS00274,Khiri,Khiri,69.3,69.3,IN_GJ,WIND,INTRA_STATE,0.12,
SS00278,Kariana,Kariana,44,44,IN_GJ,WIND,INTRA_STATE,0.12,
SS00279,Mangoli,Mangoli,46,46,IN_KA,WIND,INTRA_STATE,,
SS00280,VVS,VVS,56.6,56.6,IN_KA,WIND,INTRA_STATE,,
SS00281,Imangala,Imangala,22.35,22.35,IN_KA,WIND,INTRA_STATE,,
SS00282,Katkol,Katkol,20,22.3,IN_KA,SOLAR,INTRA_STATE,,
SS00283,Bellati,Bellati,20,22.3,IN_KA,SOLAR,INTRA_STATE,,
SS00284,AKAL_JAJIYA,AKAL_JAJIYA,230.4,230.4,IN_RJ,WIND,INTRA_STATE,0.15,Daily
SS00287,AKAL_BHU,AKAL_BHU,452.8,452.8,IN_RJ,WIND,INTRA_STATE,0.15,Daily
SS00292,DALOT_33KV_DALOT,DALOT_33KV_DALOT,15,15,IN_RJ,WIND,INTRA_STATE,,
SS00293,Dalot_GI_I,Dalot_GI_I,45,45,IN_RJ,WIND,INTRA_STATE,,
SS00294,Dalot_TATA,Dalot_TATA,21,21,IN_RJ,WIND,INTRA_STATE,,
SS00297,Ramgarh_Tejuva_II,Ramgarh_Tejuva_II,201.6,201.6,IN_RJ,WIND,INTRA_STATE,,
SS00298,AKAL_AKAL,AKAL_AKAL,277.1,277.1,IN_RJ,WIND,INTRA_STATE,0.15,Daily
SS00302,AKAL_MULANA,AKAL_MULANA,102.9,102.9,IN_RJ,WIND,INTRA_STATE,0.15,Daily
SS00306,AMARSAGAR_12No_33KV,AMARSAGAR_12No_33KV,126,126,IN_RJ,WIND,INTRA_STATE,,
SS00307,JAISALMER_4NO_33KV,JAISALMER_4NO_33KV,41.16,41.16,IN_RJ,WIND,INTRA_STATE,,
SS00308,SHEO_SUZLON,SHEO_SUZLON,9.6,9.6,IN_RJ,WIND,INTRA_STATE,0.15,Daily
SS00310,AMRSGR_MADA,AMRSGR_MADA,222,222,IN_RJ,WIND,INTRA_STATE,,
SS00316,Kadlur,Kadlur,12,13.2,IN_KA,SOLAR,INTRA_STATE,,
SS00317,Voora,Voora,10,11,IN_KA,SOLAR,INTRA_STATE,,
SS00318,Thallak,Thaaluk,153.5,189.165,IN_KA,SOLAR,INTRA_STATE,,
SS00319,CK,CK,68.8,68.8,IN_KA,WIND,INTRA_STATE,,
SS00320,EWKRL,EWKRL,20.6,20.6,IN_KA,WIND,INTRA_STATE,,
SS00321,Bannikoppa,Bannikoppa,38.8,38.8,IN_KA,WIND,INTRA_STATE,,
SS00325,Bevoor,Bevoor,10,11.436,IN_KA,SOLAR,INTRA_STATE,,
SS00326,Bevinahalli,Bevinahalli,26.1,30.24,IN_KA,SOLAR,INTRA_STATE,,
SS00327,Dalot,Dalot,7.5,7.5,IN_RJ,WIND,INTRA_STATE,,
SS00328,Debari,Debari,12,14.4,IN_RJ,SOLAR,INTRA_STATE,,
SS00330,Salamgarh,Salamgarh,7.5,7.5,IN_RJ,WIND,INTRA_STATE,,
SS00332,Shorapur,Shorapur,10,14,IN_KA,SOLAR,INTRA_STATE,,
SS00333,Rajeshwar,Rajeshwar,50,73.22,IN_KA,SOLAR,INTRA_STATE,,
SS00334,Jaora_VL,Jaora_VL,14.4,14.4,IN_MP,WIND,INTRA_STATE,,
SS00335,Vaddrevu,Vaddrevu,9,10.575,IN_KA,SOLAR,INTRA_STATE,,
SS00341,Haradanahalli,Haradanahalli,5,5.62,IN_KA,SOLAR,INTRA_STATE,,
SS00343,Ravandur_Periyapattna,Periyapatna,20,28.54,IN_KA,SOLAR,INTRA_STATE,,
SS00344,Kanasar,Kanasar,20,27,IN_RJ,SOLAR,INTRA_STATE,,
SS00347,Bableshwar_HFE,Bableshwar_Piploda,50,50,IN_KA,WIND,INTRA_STATE,,
SS00349,Talakadu,Narasipura,20,25.2,IN_KA,SOLAR,INTRA_STATE,,
SS00351,Amidyala,Amidyala,226.8,226.8,IN_AP,WIND,INTRA_STATE,,
SS00353,KPTCL_Bevoor,KPTCL_Bevoor,5,5.5,IN_KA,SOLAR,INTRA_STATE,,
SS00357,Nallakonda,Nallakonda,50.4,50.4,IN_AP,WIND,INTRA_STATE,,
SS00360,Lumbaniya,Lumbaniya,16.9,20.184,IN_RJ,SOLAR,INTRA_STATE,,
SS00363,Holenarasipura,Holenarasipura,20,25.2,IN_KA,SOLAR,INTRA_STATE,,
SS00364,Malur,Malur,20,25.291,IN_KA,SOLAR,INTRA_STATE,,
SS00365,Durg_CG1,Dhamdha_CG_1,50,74.2,IN_CH,SOLAR,INTRA_STATE,,
SS00366,RANI_RANI,RANI_RANI,28,35,IN_RJ,SOLAR,INTRA_STATE,,
SS00367,Nokha_Daiya,Nokha_Daiya,8.1,9,IN_RJ,SOLAR,INTRA_STATE,,
SS00370,Bemetara_CG2,Dhamdha_CG_2,50,74.33,IN_CH,SOLAR,INTRA_STATE,,
SS00371,Koblavadar,Koblavadar,70,70,IN_GJ,WIND,INTRA_STATE,0.12,
SS00377,Molagavalli_Renew,Molagavalli_Renew,46,46,IN_AP,WIND,INTRA_STATE,,
SS00381,Mayakonda,Mayakonda,20,23.05,IN_KA,SOLAR,INTRA_STATE,,
SS00382,Bableshwar_PTC,Bableshwar_PTC,50,50,IN_KA,WIND,INTRA_STATE,,
SS00383,Bableshwar_Renew,Bableshwar_Renew,90,90,IN_KA,WIND,INTRA_STATE,,
SS00384,Bap_OPG,Bap_OPG,5,5,IN_RJ,SOLAR,INTRA_STATE,,
SS00385,Tinwari_Swisspark,Tinwari_Swisspark,5,5,IN_RJ,SOLAR,INTRA_STATE,,
SS00386,Uravakonda,Uravakonda,25.2,25.2,IN_AP,WIND,INTRA_STATE,,
SS00387,Bhadla_Fortum,Bhadla_Fortum,70,87.5,IN_RJ,SOLAR,INTRA_STATE,,
SS00388,POKARAN_2NO_33KV,POKARAN_2NO_33KV,15,17.9,IN_RJ,SOLAR,INTRA_STATE,,
SS00390,Bhadla_roha,Bhadla_roha,25,27.5,IN_RJ,SOLAR,INTRA_STATE,,
SS00392,KSPPL_BBagewadi,Bagewadi_Adani,20,22.8,IN_KA,SOLAR,INTRA_STATE,,
SS00393,Tipatturu,Tiptur,20,25.2,IN_KA,SOLAR,INTRA_STATE,,
SS00394,Santhebachahalli_KR_Pete,Santhebachahalli_KR_Pete,20,25.2,IN_KA,SOLAR,INTRA_STATE,,
SS00395,Byadagi,Byadagi,20,25.26,IN_KA,SOLAR,INTRA_STATE,,
SS00396,Chikkagangavadi,Ramanagara,20,25.24,IN_KA,SOLAR,INTRA_STATE,,
SS00397,Mandewal_Jevargi,Jevargi,20,28.21,IN_KA,SOLAR,INTRA_STATE,,
SS00398,Channapatna,Channapatna,20,25.14,IN_KA,SOLAR,INTRA_STATE,,
SS00399,Gubbi,Gubbi,20,24,IN_KA,SOLAR,INTRA_STATE,,
SS00400,Jiddigere,Jiddigere,10,10,IN_KA,SOLAR,INTRA_STATE,,
SS00401,Bidar,Bidar,10,11.165,IN_KA,SOLAR,INTRA_STATE,,
SS00402,Basavana_Bagewadi,Basavana_Bagewadi,18.4,18.4,IN_KA,WIND,INTRA_STATE,,
SS00407,GAJNER_MAHINDRA_SUSTEN,GAJNER_MAHINDRA_SUSTEN,60,78,IN_RJ,SOLAR,INTRA_STATE,0.15,Daily
SS00414,BADISID_3NO_33KV,BADISID_3NO_33KV,36.65,47.106,IN_RJ,SOLAR,INTRA_STATE,,
SS00415,Gajner_Hinduja,Gajner_Fonroche_Saaras,15,16.76,IN_RJ,SOLAR,INTRA_STATE,,
SS00419,Kallur,Kallur,50,69.54,IN_KA,SOLAR,INTRA_STATE,,
SS00420,BAP_MAHINDRA,BAP_MAHINDRA,55,60,IN_RJ,SOLAR,INTRA_STATE,,
SS00421,Yelburga_juwi,Yelburga_juwi,30,40.493,IN_KA,SOLAR,INTRA_STATE,,
SS00422,Pavagada_F1,Pavagada_B30,50,62.5,IN_KA,SOLAR,INTER_STATE,,
SS00423,Gajner2_Hinduja,Gajner_Fonroche_Raajhans,5,5.54,IN_RJ,SOLAR,INTRA_STATE,,
SS00424,Magadi,Magadi,20,25.2,IN_KA,SOLAR,INTRA_STATE,,
SS00425,Takkalaki_Yatnal,Yatnal,50,73.5,IN_KA,SOLAR,INTRA_STATE,,
SS00426,Sahpur_Yadgir,Rastapur,50,73.9,IN_KA,SOLAR,INTRA_STATE,,
SS00427,Madhuvanahally,Madhuvanahally,100,147,IN_KA,SOLAR,INTRA_STATE,,
SS00429,Santpur_Maskal,Maskal,50,73.59,IN_KA,SOLAR,INTRA_STATE,,
SS00430,Nalwar,Nalwar,40,59.62,IN_KA,SOLAR,INTRA_STATE,,
SS00431,BHAWAD_SNCA,BHAWAD_SNCA,6,6.795,IN_RJ,SOLAR,INTRA_STATE,,
SS00434,Periyapatti,Periyapatti,148,150,IN_TN,WIND,INTRA_STATE,,
SS00438,Red_uepl,Red_uepl,10,10,IN_AP,SOLAR,INTRA_STATE,,
SS00440,Tada,Tada,0.5,0.5,IN_AP,SOLAR,INTRA_STATE,,
SS00444,Odwara_HFE,Devgarh_Pratapgarh,37.5,37.5,IN_RJ,WIND,INTRA_STATE,,
SS00445,PRATAPGARH_DEVGARH,PRATAPGARH_DEVGARH,102,102,IN_RJ,WIND,INTRA_STATE,,
SS00446,Ankiraddypally_WWIL,Ankiraddypally_WWIL,84,84,IN_AP,WIND,INTRA_STATE,,
SS00447,AMARSAGAR_TEMDARI,AMARSAGAR_TEMDARI,130.3,130.3,IN_RJ,WIND,INTRA_STATE,,
SS00450,Konnur,Konnur,20,24.62,IN_KA,SOLAR,INTRA_STATE,,
SS00451,Manpur,Manpur,20,24.49,IN_KA,SOLAR,INTRA_STATE,,
SS00452,Tinwari_SSE,Tinwari_SSE,5,5.749,IN_RJ,SOLAR,INTRA_STATE,,
SS00453,Tinwari_MB,Tinwari_MB,5,5.5,IN_RJ,SOLAR,INTRA_STATE,,
SS00454,PS2_GG,PS2_GG,50,50,IN_RJ,SOLAR,INTRA_STATE,,
SS00455,Ingaladalu,Ingaladalu,11.4,11.4,IN_KA,WIND,INTRA_STATE,,
SS00456,Bhadla_Yarrow,Bhadla_Yarrow,70,96.5,IN_RJ,SOLAR,INTRA_STATE,,
SS00457,Bap_GI_II,Bap_GI_II,5,5.44,IN_RJ,SOLAR,INTRA_STATE,,
SS00458,PS2_PS2,PS2_PS2,5,5.7,IN_RJ,SOLAR,INTRA_STATE,,
SS00459,Bhadla_lnb,Bhadla_lnb,5,5.5,IN_RJ,SOLAR,INTRA_STATE,,
SS00460,Sanwareej_LNB_I,Sanwareej_LNB_I,10,12.013,IN_RJ,SOLAR,INTRA_STATE,,
SS00461,Sanwareej_LNB_II,Sanwareej_LNB_II,10,11.98,IN_RJ,SOLAR,INTRA_STATE,,
SS00462,Pokhran_LNB,Pokhran_LNB,10,12.27,IN_RJ,SOLAR,INTRA_STATE,,
SS00463,Bap_GI_I,Bap_GI_I,19.2,21,IN_RJ,SOLAR,INTRA_STATE,,
SS00464,Thallak_Amplus,Thallak_Amplus,34,43.485,IN_KA,SOLAR,INTRA_STATE,,
SS00465,Ghani_Adani,Ghani_Adani,50,69.5,IN_AP,SOLAR,INTRA_STATE,,
SS00466,BALI_BALI,BALI_BALI,9.15,10,IN_RJ,SOLAR,INTRA_STATE,,
SS00467,Bap_LEPL,Bap_LEPL,9.52,10,IN_RJ,SOLAR,INTRA_STATE,,
SS00468,Bap_PSEPL,Bap_PSEPL,5,5.6,IN_RJ,SOLAR,INTRA_STATE,,
SS00469,Bhadla_SSUPL_8,Bhadla_SSUPL_8,70,95,IN_RJ,SOLAR,INTRA_STATE,,
SS00470,Bhadla_SSUPL_10,Bhadla_SSUPL_10,70,95,IN_RJ,SOLAR,INTRA_STATE,,
SS00474,Osian_aston,Osian_aston,4.86,5,IN_RJ,SOLAR,INTRA_STATE,,
SS00475,BALOTRA_BALOTRA,BALOTRA_BALOTRA,5,5.4,IN_RJ,SOLAR,INTRA_STATE,,
SS00476,Bhadla_Park_4,Bhadla_Park_4,65,68.25,IN_RJ,SOLAR,INTRA_STATE,,
SS00477,Bhadla_Park_7,Bhadla_Park_7,65,68.25,IN_RJ,SOLAR,INTRA_STATE,,
SS00478,BAP_14NO_33KV,BAP_14NO_33KV,116,122.9,IN_RJ,SOLAR,INTRA_STATE,,
SS00479,POKARAN_POKARAN,POKARAN_POKARAN,85,85,IN_RJ,SOLAR,INTRA_STATE,,
SS00489,PS3_8NO_33KV,PS3_8NO_33KV,69.9,69.9,IN_RJ,SOLAR,INTRA_STATE,,
SS00490,SANWREEJ_SANWREEJ,SANWREEJ_SANWREEJ,40,47.99,IN_RJ,SOLAR,INTRA_STATE,,
SS00492,BHADLA_5No 33KV,BHADLA_5No 33KV,65,65,IN_RJ,SOLAR,INTRA_STATE,,
SS00493,TINWARI_3NO_33KV,TINWARI_3NO_33KV,15,15.5,IN_RJ,SOLAR,INTRA_STATE,,
SS00496,DALOT_KANGARH,DALOT_KANGARH,109.5,109.5,IN_RJ,WIND,INTRA_STATE,,
SS00497,AKAL_DEVIKOT,AKAL_DEVIKOT,74,74,IN_RJ,WIND,INTRA_STATE,,
SS00498,Pokhran_RJ1_PJ,Pokhran_RJ1_PJ,10,10.2,IN_RJ,SOLAR,INTRA_STATE,,
SS00499,Pokhran_RJ2_PJ,Pokhran_RJ2_PJ,10,10.2,IN_RJ,SOLAR,INTRA_STATE,,
SS00500,Pokhran_RJ3_PJ,Pokhran_RJ3_PJ,10,10.2,IN_RJ,SOLAR,INTRA_STATE,,
SS00501,Pokhran_RJ4_RJ,Pokhran_RJ4_RJ,10,10.2,IN_RJ,SOLAR,INTRA_STATE,,
SS00502,Pokhran_RJ5_MH,Pokhran_RJ5_MH,10,10.2,IN_RJ,SOLAR,INTRA_STATE,,
SS00509,OSIAN_2No_33KV,OSIAN_2No_33KV,9.86,10.74,IN_RJ,SOLAR,INTRA_STATE,,
SS00510,Bukkapatna,Bukkapatna,30,34,IN_KA,SOLAR,INTRA_STATE,,
SS00515,Osiyan_Comet,Osiyan_Comet,5,5.74,IN_RJ,SOLAR,INTRA_STATE,,
SS00516,KANASAR_SP_PV,KANASAR_SP_PV,50,62.5,IN_RJ,SOLAR,INTRA_STATE,0.15,Daily
SS00517,KANASAR_2NO_33KV,KANASAR_2NO_33KV,40,40,IN_RJ,SOLAR,INTRA_STATE,0.15,Daily
SS00520,Pokhran_SECI,Pokhran_SECI,30,30.6,IN_RJ,SOLAR,INTRA_STATE,,
SS00521,Pokhran_MSL,Pokhran_MSL,5,5.65,IN_RJ,SOLAR,INTRA_STATE,,
SS00523,RAMGARH_RVUN_GTPP,RAMGARH_RVUN_GTPP,5,5.25,IN_RJ,SOLAR,INTRA_STATE,,
SS00529,NOKHADHAIYA_3No_33KV,NOKHADHAIYA_3No_33KV,15.1,16.513,IN_RJ,SOLAR,INTRA_STATE,,
SS00531,GAJNER_2NO_33KV,GAJNER_2NO_33KV,25,28.138,IN_RJ,SOLAR,INTRA_STATE,,
SS00534,Kukru_Atria,Kukru_Atria,46,50,IN_MP,WIND,INTRA_STATE,,
SS00535,Bhadla_RSE_I,Bhadla_RSE_I,70,87.5,IN_RJ,SOLAR,INTRA_STATE,,
SS00536,Bhadla_RSE_II,Bhadla_RSE_II,70,87.413,IN_RJ,SOLAR,INTRA_STATE,,
SS00537,POKARAN_TODAY GREEN,POKARAN_TODAY GREEN,50,51,IN_RJ,SOLAR,INTRA_STATE,,
SS00539,Ittagi,Ittagi,48,60,IN_KA,SOLAR,INTRA_STATE,,
SS00540,Saunshi,Saunshi,10,11,IN_KA,SOLAR,INTRA_STATE,,
SS00543,Hiriyur_HPPL,Hiriyur_HPPL,30,36,IN_KA,SOLAR,INTRA_STATE,,
SS00544,NALLA_CHERUVU,NALLA_CHERUVU,5,5,IN_AP,SOLAR,INTRA_STATE,,
SS00546,Madiyal,Madiyal,60,60,IN_KA,WIND,INTRA_STATE,,
SS00547,Lingasugur,Lingasugur,60,60,IN_KA,WIND,INTRA_STATE,,
SS00551,Tarana,VIVAAN_SOLAR_I_33_TARANA,11,13.16,IN_MP,SOLAR,INTRA_STATE,,
SS00552,Avani,Avani,20,22.3,IN_KA,SOLAR,INTRA_STATE,,
SS00553,Yelburga_Vivaan,Yelburga_Vivaan,10,12,IN_KA,SOLAR,INTRA_STATE,,
SS00555,Vajarmatti,Vajarmatti,100,135,IN_KA,SOLAR,INTRA_STATE,,
SS00556,Bagewadi_Atria,Bagewadi_Atria,118.8,118.8,IN_KA,WIND,INTRA_STATE,,
SS00557,Pavagada_F2,Pavagada_B31,50,62.5,IN_KA,SOLAR,INTER_STATE,,
SS00558,Pavagada_1,Pavagada_A1,50,70.27,IN_KA,SOLAR,INTER_STATE,,
SS00559,Pavagada_3,Pavagada_A3,50,66.94,IN_KA,SOLAR,INTER_STATE,,
SS00560,Madhugiri,Madhugiri,30,42,IN_KA,SOLAR,INTRA_STATE,,
SS00561,Kustagi,Kustagi,296.1,296.1,IN_KA,WIND,INTRA_STATE,,
SS00562,KPTCL_Alabala,KPTCL_Alabala,40,56,IN_KA,SOLAR,INTRA_STATE,,
SS00563,Chadchan,Chadchan,23.8,28,IN_KA,SOLAR,INTRA_STATE,,
SS00564,Bennehalli,Bennehalli,14,15.065,IN_KA,SOLAR,INTRA_STATE,,
SS00565,Nokha_Amplus,Nokha_Amplus,5,5.263,IN_RJ,SOLAR,INTRA_STATE,,
SS00566,Nokha_UP,Nokha_UP,2,2.1,IN_RJ,SOLAR,INTRA_STATE,,
SS00567,Bhadla_Adithya,Bhadla_Adithya,20,22,IN_RJ,SOLAR,INTRA_STATE,,
SS00568,Bhadla_Sun,Bhadla_Sun,5,5.5,IN_RJ,SOLAR,INTRA_STATE,,
SS00569,Bhadla_Star,Bhadla_Star,5,5.5,IN_RJ,SOLAR,INTRA_STATE,,
SS00570,PS3_Lexicon,PS3_Lexicon,10,11.32,IN_RJ,SOLAR,INTRA_STATE,,
SS00571,PS3_Symphony,PS3_Symphony,10,11.32,IN_RJ,SOLAR,INTRA_STATE,,
SS00572,PS3_Viney,PS3_Viney,1,1,IN_RJ,SOLAR,INTRA_STATE,,
SS00573,PS3_JK,PS3_JK,6,6.91,IN_RJ,SOLAR,INTRA_STATE,,
SS00574,PS3_Cepco,PS3_Cepco,5,5.6,IN_RJ,SOLAR,INTRA_STATE,,
SS00575,PS3_Aman,PS3_Aman,1,1,IN_RJ,SOLAR,INTRA_STATE,,
SS00576,Badi_SECI,Badi_SECI,10,11.55,IN_RJ,SOLAR,INTRA_STATE,,
SS00577,Badi_Aalok,Badi_Aalok,10,13.753,IN_RJ,SOLAR,INTRA_STATE,,
SS00578,Badi_Abha,Badi_Abha,10,13.753,IN_RJ,SOLAR,INTRA_STATE,,
SS00579,Gajner_BMD,Gajner_BMD,5,5.838,IN_RJ,SOLAR,INTRA_STATE,,
SS00580,Pokhran_DDE,Pokhran_DDE,5,5,IN_RJ,SOLAR,INTRA_STATE,,
SS00581,Pokhran_EM,Pokhran_EM,5,5,IN_RJ,SOLAR,INTRA_STATE,,
SS00582,Pokhran_FAE,Pokhran_FAE,5,5.59,IN_RJ,SOLAR,INTRA_STATE,,
SS00583,Pokhran_Khaya,Pokhran_Khaya,5,5.54,IN_RJ,SOLAR,INTRA_STATE,,
SS00584,Pokhran_Newton,Pokhran_Newton,5,5,IN_RJ,SOLAR,INTRA_STATE,,
SS00585,Pokhran_SOPL,Pokhran_SOPL,5,5.61,IN_RJ,SOLAR,INTRA_STATE,,
SS00586,Pokhran_VSPPL,Pokhran_VSPPL,5,5.55,IN_RJ,SOLAR,INTRA_STATE,,
SS00587,Pavagada_Renew,Pavagada_Renew,50,75,IN_KA,SOLAR,INTER_STATE,,
SS00588,Alabala_Wise,Alabala_Wise,25,35,IN_KA,SOLAR,INTRA_STATE,,
SS00589,Alabala_Amp,Alabala_Amp,15,21,IN_KA,SOLAR,INTRA_STATE,,
SS00590,KPTCL_Hanuur,KPTCL_Hanuur,30,38.9,IN_KA,SOLAR,INTRA_STATE,,
SS00591,Tadavalg,Tadavalg,10,11,IN_KA,SOLAR,INTRA_STATE,,
SS00592,Takalaki,KN_Bijapura,20,24.96,IN_KA,SOLAR,INTRA_STATE,,
SS00593,Sindagi,Sindagi,5,6.22,IN_KA,SOLAR,INTRA_STATE,,
SS00594,Muddebihal,Muddebihal,20,24.085,IN_KA,SOLAR,INTRA_STATE,,
SS00595,Atharga,KN_Indi,20,24.949,IN_KA,SOLAR,INTRA_STATE,,
SS00596,KHINWSAR_KHINWSAR,KHINWSAR_KHINWSAR,4.8,4.95,IN_RJ,SOLAR,INTRA_STATE,,
SS00597,Kakrani_DCR,Kakrani_DCR,50,65.45,IN_TG,SOLAR,INTRA_STATE,,
SS00598,Kakrani_open,Kakrani_open,50,65,IN_TG,SOLAR,INTRA_STATE,,
SS00599,Mahoba_Adani,Mahoba_Adani,50,70.45,IN_UP,SOLAR,INTRA_STATE,0.15,Daily
SS00600,PDPL_1,PDPL_1,50,56.21,IN_PB,SOLAR,INTRA_STATE,,
SS00601,PDPL_2,PDPL_2,50,56.62,IN_PB,SOLAR,INTRA_STATE,,
SS00602,Pavagada_2,Pavagada_A2,50,70.22,IN_KA,SOLAR,INTER_STATE,,
SS00603,Bhadla_Park_5,Bhadla_Park_5,65,68.25,IN_RJ,SOLAR,INTRA_STATE,,
SS00604,Bhadla_Park_6,Bhadla_Park_6,65,68.25,IN_RJ,SOLAR,INTRA_STATE,,
SS00611,Doddaballapura,Doddaballapura,30,36,IN_KA,SOLAR,INTRA_STATE,,
SS00612,Kadodiya,VIVAAN_SOLAR_I_33_MAKDON,12.98,15.57,IN_MP,SOLAR,INTRA_STATE,,
SS00613,Kadodiya_II,VIVAAN_SOLAR_II_33_MAKDON,12.5,15,IN_MP,SOLAR,INTRA_STATE,,
SS00614,Kadodiya_III,VIVAAN_SOLAR_III_33_MAKDON,14,16.8,IN_MP,SOLAR,INTRA_STATE,,
SS00615,Alkapura_Bommasandra,Alkapura_Bommasandra,20,22.879,IN_KA,SOLAR,INTRA_STATE,,
SS00616,Shindi,Shindi,40,46.67,IN_KA,SOLAR,INTRA_STATE,,
SS00617,Mathod,AREPL,20,24,IN_KA,SOLAR,INTRA_STATE,,
SS00618,Ganj_Basoda,Ganj_Basoda,9,10,IN_MP,SOLAR,INTRA_STATE,,
SS00619,PD_Halli,PD_Halli,48,70,IN_KA,SOLAR,INTRA_STATE,,
SS00620,Sedam,Sedam,100,145,IN_KA,SOLAR,INTRA_STATE,,
SS00621,Shiggaon,ASEPL,20,22.47,IN_KA,SOLAR,INTRA_STATE,,
SS00622,Hirehal,MREPL,20,22.62,IN_KA,SOLAR,INTRA_STATE,,
SS00623,Soudatti,Soudatti,62,62,IN_KA,WIND,INTRA_STATE,,
SS00624,BHADALA_RSDCL_GSS1,BHADALA_RSDCL_GSS1,340,340,IN_RJ,SOLAR,INTRA_STATE,,
SS00625,BHADALA_RSDCL_GSS2,BHADALA_RSDCL_GSS2,340,340,IN_RJ,SOLAR,INTRA_STATE,0.15,Daily
SS00626,Budh_3,Budh_3,20,24,IN_KA,SOLAR,INTRA_STATE,,
SS00627,Atha_Juwi,AMPL_30,30,35.827,IN_MP,SOLAR,INTRA_STATE,,
SS00628,Susner_Atha,AMPL_Susner_10,10,10.507,IN_MP,SOLAR,INTRA_STATE,,
SS00629,Santapur_Renew,Santapur_Renew,20,27,IN_KA,SOLAR,INTRA_STATE,,
SS00630,Renjal,Renjal,15,19.5,IN_TG,SOLAR,INTRA_STATE,,
SS00631,Ghanpur,Ghanpur,15,18.94,IN_TG,SOLAR,INTRA_STATE,,
SS00632,Achampet,Achampet,10,13.009,IN_TG,SOLAR,INTRA_STATE,,
SS00633,Bapuram,Bapuram,50,50,IN_KA,WIND,INTRA_STATE,,
SS00634,Nirlooti,Nirlooti,60,60,IN_KA,WIND,INTRA_STATE,,
SS00637,Limbwas_2,Limbwas_2,18,18,IN_MP,WIND,INTRA_STATE,,
SS00638,Mandsaur,Mandsaur,28.8,28.8,IN_MP,WIND,INTRA_STATE,,
SS00639,Niphaniya,Niphaniya,230,230,IN_MP,WIND,INTRA_STATE,0.15,Daily
SS00643,Payalkuntla,Payalkuntla,40,40,IN_AP,WIND,INTRA_STATE,,
SS00644,Behapur_1,Behapur_1,14.7,14.7,IN_MP,WIND,INTRA_STATE,,
SS00645,Behapur_2,Behapur_2,15,15,IN_MP,WIND,INTRA_STATE,,
SS00646,Rignod,Rignod,14.7,14.7,IN_MP,WIND,INTRA_STATE,,
SS00647,Dodar,Dodar,14.7,14.7,IN_MP,WIND,INTRA_STATE,,
SS00648,Sailana,Sailana,14.4,14.4,IN_MP,WIND,INTRA_STATE,,
SS00649,Maksi,Maksi,30,30,IN_MP,WIND,INTRA_STATE,,
SS00650,Bercha,Bercha,30,30,IN_MP,WIND,INTRA_STATE,,
SS00651,Ratabhe,Ratabhe,26,28.6,IN_GJ,WIND,INTRA_STATE,0.12,Daily
SS00652,Kustagi_Sree,Kustagi_Sree,31.5,31.5,IN_KA,WIND,INTRA_STATE,,
SS00658,Sandla_II,Sandla_II,14.7,14.7,IN_MP,WIND,INTRA_STATE,,
SS00662,Sailana_2,Sailana_2,15,15,IN_MP,WIND,INTRA_STATE,,
SS00663,Sailana_3,Sailana_3,14.1,14.1,IN_MP,WIND,INTRA_STATE,,
SS00665,Susner_1,Susner_1,15,15,IN_MP,WIND,INTRA_STATE,,
SS00666,Susner_2,Susner_2,15,15,IN_MP,WIND,INTRA_STATE,,
SS00667,Susner_3,Susner_3,15,15,IN_MP,WIND,INTRA_STATE,,
SS00668,Agar_1,Agar_1,15,15,IN_MP,WIND,INTRA_STATE,,
SS00669,Agar_2,Agar_2,15,15,IN_MP,WIND,INTRA_STATE,,
SS00670,Makdon_Ujaas,Makdon_Ujaas,10.23,12.06,IN_MP,SOLAR,INTRA_STATE,,
SS00671,Agar_Ujaas,Agar_Ujaas,14.97,16.568,IN_MP,SOLAR,INTRA_STATE,,
SS00672,Agar_Ujaas_2,Agar_Ujaas_2,14.99,16.59,IN_MP,SOLAR,INTRA_STATE,,
SS00673,Sitamau_Ujaas_1,Sitamau_Ujaas_1,15,17.6096,IN_MP,SOLAR,INTRA_STATE,,
SS00674,Susner_Ujaas,Susner_Ujaas,14.97,16.48,IN_MP,SOLAR,INTRA_STATE,,
SS00675,Sitamau_Ujaas_2,Sitamau_Ujaas_2,15,17.82296,IN_MP,SOLAR,INTRA_STATE,,
SS00676,Padmajiwadi,Padmajiwadi,10,13.0099,IN_TG,SOLAR,INTRA_STATE,,
SS00677,Gummadidala,Gummadidala,15,19.5,IN_TG,SOLAR,INTRA_STATE,,
SS00678,Thukkapur,Thukkapur,15,19.25,IN_TG,SOLAR,INTRA_STATE,,
SS00679,Ratangarh_DE,Ratangarh_DE,21.12,24.5,IN_MP,SOLAR,INTRA_STATE,,
SS00680,Bap_VJ,Bap_VJ,5,5.5,IN_RJ,SOLAR,INTRA_STATE,,
SS00681,Bap_NW,Bap_NW,5,5.5,IN_RJ,SOLAR,INTRA_STATE,,
SS00682,Bap_GJ_I,Bap_GJ_I,16,17.596,IN_RJ,SOLAR,INTRA_STATE,,
SS00683,Bap_GJ_II,Bap_GJ_II,17,18.695,IN_RJ,SOLAR,INTRA_STATE,,
SS00684,Appanapalem,Appanapalem,2,2.297,IN_AP,SOLAR,INTRA_STATE,,
SS00685,Mulluru_S,Mulluru_S,20,28,IN_KA,SOLAR,INTRA_STATE,,
SS00686,Mulluru_W,Mulluru_W,19.8,19.8,IN_KA,WIND,INTRA_STATE,,
SS00688,Nagamangala,Nagamangala,15,17.08,IN_KA,SOLAR,INTRA_STATE,,
SS00689,Komatikundala,Komatikundala,24.25,24.25,IN_AP,WIND,INTRA_STATE,,
SS00690,Devdurga,Devdurga,20,22.8,IN_KA,SOLAR,INTRA_STATE,,
SS00691,Turvekere,Turvekere,20,22,IN_KA,SOLAR,INTRA_STATE,,
SS00692,Honnahalli,Honnahalli,20,24,IN_KA,SOLAR,INTRA_STATE,,
SS00693,Yadgir_Saidapur,Yadgir,20,24,IN_KA,SOLAR,INTRA_STATE,,
SS00694,Wadagere,Wadagere,20,23.5,IN_KA,SOLAR,INTRA_STATE,,
SS00695,Susner_F,Susner_F,13.5,15,IN_MP,SOLAR,INTRA_STATE,,
SS00697,Jaora_ratlam,Jaora_ratlam,30,30,IN_MP,WIND,INTRA_STATE,,
SS00699,Manesamudram,Manesamudram,1.89,2,IN_AP,SOLAR,INTRA_STATE,,
SS00700,Chapda,Chapda,15.2,15.2,IN_MP,WIND,INTRA_STATE,,
SS00701,Dewas_S,Dewas_S,13.75,13.75,IN_MP,WIND,INTRA_STATE,,
SS00702,Nandhanahosor_Solar,NVR_Renew_20,20,23.191,IN_KA,SOLAR,INTRA_STATE,,
SS00703,Kustagi_Greenko,Kustagi_Greenko,107.1,107.1,IN_KA,WIND,INTRA_STATE,,
SS00704,Chegunta,Chegunta,20,24,IN_TG,SOLAR,INTRA_STATE,,
SS00705,Nandipet,Nandipet,20,24,IN_TG,SOLAR,INTRA_STATE,,
SS00706,Ramayampet,Ramayampet,10,12,IN_TG,SOLAR,INTRA_STATE,,
SS00707,Tekkalkote,Tekkalkote,24,32,IN_KA,SOLAR,INTRA_STATE,,
SS00708,Kolhar,Bidar_SS,40,52,IN_KA,SOLAR,INTRA_STATE,,
SS00709,Ramagiri_ILFS,Ramagiri_ILFS,2,2,IN_AP,WIND,INTRA_STATE,,
SS00710,Janwad,Janwad,10,14.35,IN_KA,SOLAR,INTRA_STATE,,
SS00711,Dharmavaram,Dharmavaram,18,18,IN_AP,WIND,INTRA_STATE,,
SS00712,Ratta_Tibba,Ratta_Tibba,15.75,21,IN_PB,SOLAR,INTRA_STATE,,
SS00713,Kaller_Khera,Kaller_Khera,20.25,24.99,IN_PB,SOLAR,INTRA_STATE,,
SS00714,Khuian_Sarwar,Khuian_Sarwar,20.25,24.99,IN_PB,SOLAR,INTRA_STATE,,
SS00715,Charanka_AB,Charanka_AB,14,15,IN_GJ,SOLAR,INTRA_STATE,0.07,
SS00716,Kalwakurthy,Kalwakurthy,10,11,IN_TG,SOLAR,INTRA_STATE,,
SS00717,Peddashankarampet,Peddashankarampet,10,11,IN_TG,SOLAR,INTRA_STATE,,
SS00718,Chintalapudi,Chintalapudi,2,2.2,IN_AP,SOLAR,INTRA_STATE,,
SS00722,Fatanpur,Fatanpur,108,108,IN_MP,WIND,INTRA_STATE,0.15,Daily
SS00723,Mustiyal,Mustiyal,10,11,IN_TG,SOLAR,INTRA_STATE,,
SS00725,Yaragatti_Bosch,Yaragatti_Bosch,12,14.4,IN_KA,SOLAR,INTRA_STATE,,
SS00726,Weizmann_ASL,Weizmann_ASL,6.825,6.825,IN_AP,WIND,INTRA_STATE,,
SS00727,Weizmann_APSRTC,Weizmann_APSRTC,4.5,4.5,IN_AP,WIND,INTRA_STATE,,
SS00728,Aitipamula,AMPL_Tel_15,15,19,IN_TG,SOLAR,INTRA_STATE,,
SS00731,Veltoor,Veltoor,100,120.056,IN_TG,SOLAR,INTRA_STATE,,
SS00732,Nallapadu,Nallapadu,0.9,1,IN_AP,SOLAR,INTRA_STATE,,
SS00733,Morgale,Morgale,54,69.9,IN_MH,SOLAR,INTRA_STATE,,
SS00743,Pavagada_Yarrow,Pavagada_Yarrow,50,70,IN_KA,SOLAR,INTER_STATE,,
SS00747,MIDJIL_UE,MIDJIL_UE,10,10,IN_TG,SOLAR,INTRA_STATE,,
SS00748,Ramagiri_APSRTC,Ramagiri_APSRTC,5.5,5.5,IN_AP,WIND,INTRA_STATE,,
SS00749,Achampet_amp,Achampet_amp,15,18,IN_TG,SOLAR,INTRA_STATE,,
SS00750,Nanadi,Nanadi,20,28,IN_KA,SOLAR,INTRA_STATE,,
SS00751,Chandragiri,Chandragiri,249.9,249.9,IN_TN,WIND,INTER_STATE,,
SS00752,Kolanupaka,Kolanupaka,6,6.007,IN_TG,SOLAR,INTRA_STATE,,
SS00877,Bap_SNE,Bap_SNE,5,5.25,IN_RJ,SOLAR,INTRA_STATE,,
SS00878,Bap_IOCL,Bap_IOCL,5,5.0688,IN_RJ,SOLAR,INTRA_STATE,,
SS00879,Bap_Par,Bap_Par,2.4,3,IN_RJ,SOLAR,INTRA_STATE,,
SS00880,Bap_Punj,Bap_Punj,5,5.25,IN_RJ,SOLAR,INTRA_STATE,,
SS00881,Midjil_PG,Midjil_PG,9,9,IN_TG,SOLAR,INTRA_STATE,,
SS00882,Midjil_Surya,Midjil_Surya,1,1.15,IN_TG,SOLAR,INTRA_STATE,,
SS00883,Infosys,Infosys,28.4,30,IN_KA,SOLAR,INTRA_STATE,,
SS00885,Jajiya_Renew,Jajiya_Renew,13.6,13.6,IN_RJ,WIND,INTRA_STATE,,
SS00886,Bhu_Renew,Bhu_Renew,66.4,66.4,IN_RJ,WIND,INTRA_STATE,,
SS00887,Niphaniya_Renew,Niphaniya_Renew,40,40,IN_MP,WIND,INTRA_STATE,,
SS00888,Kustagi_Renew,Kustagi_Renew,71.4,71.4,IN_KA,WIND,INTRA_STATE,,
SS00890,zaheerabad,zaheerabad,57.5,61.88,IN_TG,SOLAR,INTRA_STATE,,
SS00891,Ampolu,Ampolu,0.8,0.96,IN_AP,SOLAR,INTRA_STATE,,
SS00895,Rajiya_Saleem,Rajiya_Saleem,11,12.1,IN_KA,SOLAR,INTRA_STATE,,
SS00896,Betagera,Betagera,10,11.9,IN_KA,SOLAR,INTRA_STATE,,
SS00897,Telgaon,Telgaon,50,66.93,IN_MH,SOLAR,INTRA_STATE,,
SS00898,Talettutayi,Talettutayi,10,12,IN_TG,SOLAR,INTRA_STATE,,
SS00899,NV_Vogt,NV_Vogt,10,12,IN_TG,SOLAR,INTRA_STATE,,
SS00900,Gajarayani_valasa,Gajarayani_valasa,3,3.3,IN_AP,SOLAR,INTRA_STATE,,
SS00901,Ragigunta,Ragigunta,7,7.66,IN_AP,SOLAR,INTRA_STATE,,
SS00904,Aguncha,Aguncha,22,29.7,IN_RJ,SOLAR,INTRA_STATE,,
SS00906,Bhadla_S,Bhadla_S,5,5.491,IN_RJ,SOLAR,INTRA_STATE,,
SS00907,Pishore,Pishore,21,21,IN_MH,WIND,INTRA_STATE,,
SS00908,Vontithadi,Vontithadi,1.5,1.65,IN_AP,SOLAR,INTRA_STATE,,
SS00909,Mallampudi,Mallampudi,1.5,1.65,IN_AP,SOLAR,INTRA_STATE,,
SS00913,Thallak_TG,Thaaluk_TG,71,80,IN_KA,SOLAR,INTRA_STATE,,
SS00915,Bhatel,Bhatel,50.6,50.6,IN_GJ,WIND,INTRA_STATE,0.12,
SS00917,Puttamapalli,Puttamapalli,3,3.03,IN_AP,SOLAR,INTRA_STATE,,
SS00918,SEI_Solar,SEI_Solar,22.5,25.01,IN_GJ,SOLAR,INTRA_STATE,0.07,Daily
SS00919,Azure_power,Azure_power,4.99,5.16,IN_GJ,SOLAR,INTRA_STATE,0.07,Daily
SS00920,ESP_Urja,ESP_Urja,4.59,5.003,IN_GJ,SOLAR,INTRA_STATE,0.07,
SS00921,Millenium_Synergy,Millenium_Synergy,8.19,9.27,IN_GJ,SOLAR,INTRA_STATE,0.07,Daily
SS00923,Gandlaparthy,Gandlaparthy,2,2.02,IN_AP,SOLAR,INTRA_STATE,,
SS00924,Jalgaon,Jalgaon,8.5,8.5,IN_MH,SOLAR,INTRA_STATE,,
SS00930,Sadodar,Sadodar,462.4,462.4,IN_GJ,WIND,INTRA_STATE,0.12,
SS00933,Varshamedi,Varshamedi,119.7,119.7,IN_GJ,WIND,INTRA_STATE,0.12,
SS00934,Wandhiya,Wandhiya,199.9,199.9,IN_GJ,WIND,INTRA_STATE,0.12,
SS00941,Jangi,Jangi,106.5,106.5,IN_GJ,WIND,INTRA_STATE,0.12,
SS00942,Shikarpur_Vestas,Shikarpur_Vestas,90.05,90.05,IN_GJ,WIND,INTRA_STATE,0.12,
SS00946,Rojmal,Rojmal,495,495,IN_GJ,WIND,INTRA_STATE,0.12,Daily
SS00950,Rasaliya,Rasaliya,66.4,66.4,IN_GJ,WIND,INTRA_STATE,0.12,
SS00953,Vadali,Vadali,64.8,64.8,IN_GJ,WIND,INTRA_STATE,0.12,
SS00963,Golida_Anandpur,Golida_Anandpur,100,100,IN_GJ,WIND,INTRA_STATE,0.12,
SS00972,GHI,GHI,9,10,IN_GJ,SOLAR,INTRA_STATE,0.07,
SS00978,ICML,ICML,9,9.006,IN_GJ,SOLAR,INTRA_STATE,0.07,
SS00979,5_STAR_MIDC_KAGAL,5_STAR_MIDC_KAGAL,6.8,8.1,IN_MH,SOLAR,INTRA_STATE,,
SS00981,HD_Pura,HD_Pura,13.5,13.5,IN_KA,WIND,INTRA_STATE,,
SS00982,Rojmal_KPT,Rojmal_KPT,6,6,IN_GJ,WIND,INTRA_STATE,0.12,
SS00983,Bableshwar_1,Bableshwar_1,10,10,IN_KA,WIND,INTRA_STATE,,
SS00987,Virvaav,Virvaav,254.3,254.3,IN_GJ,WIND,INTRA_STATE,0.12,
SS00988,Nallamannayakanpatti,Nallamannayakanpatti,50,54.015,IN_TN,SOLAR,INTRA_STATE,,
SS00989,Kanji,Kanji,30,36.013,IN_TN,SOLAR,INTRA_STATE,,
SS00990,Mendhegiri,Mendhegiri,130.2,130.2,IN_MH,WIND,INTRA_STATE,0.15,Daily
SS00991,Sanmadi,Sanmadi,10,10,IN_MH,WIND,INTRA_STATE,,
SS00993,Dhaiwadi,Dhaiwadi,22.1,22.1,IN_MH,WIND,INTRA_STATE,0.15,Daily
SS00999,Bambarwadi,Bambarwadi,50.4,50.4,IN_MH,WIND,INTRA_STATE,,
SS01002,Sugen,Sugen,69.6,87,IN_GJ,SOLAR,INTRA_STATE,0.07,Daily
SS01003,Charanka_Kindle,Charanka_Kindle,43.2,50.07,IN_GJ,SOLAR,INTRA_STATE,0.07,
SS01004,Charanka_NKG,Charanka_NKG,10,10,IN_GJ,SOLAR,INTRA_STATE,0.07,
SS01005,Dhank,Dhank,8,8,IN_GJ,WIND,INTRA_STATE,0.12,
SS01006,Mervadar,Mervadar,8.79,8.79,IN_GJ,WIND,INTRA_STATE,0.12,
SS01007,Navadra,Navadra,21.24,21.24,IN_GJ,WIND,INTRA_STATE,0.12,
SS01008,Patelka,Patelka,12.875,12.875,IN_GJ,WIND,INTRA_STATE,0.12,
SS01009,Motidharai,Motidharai,14.375,15.59,IN_GJ,SOLAR,INTRA_STATE,0.07,
SS01010,Charanka_SE,Charanka_SE,5.99,6.004,IN_GJ,SOLAR,INTRA_STATE,0.07,
SS01012,Ranakandora_HRE,Ranakandora_HRE,17.6,20,IN_GJ,SOLAR,INTRA_STATE,0.07,
SS01013,Mervadar_GME,Mervadar_GME,4.4,5,IN_GJ,SOLAR,INTRA_STATE,0.07,
SS01014,Mervadar_CBC,Mervadar_CBC,8.8,9.9,IN_GJ,SOLAR,INTRA_STATE,0.07,
SS01015,Mervadar_GGE,Mervadar_GGE,24,25,IN_GJ,SOLAR,INTRA_STATE,0.07,
SS01016,Ranakandora_MB,Ranakandora_MB,14.4,14.97,IN_GJ,SOLAR,INTRA_STATE,0.07,
SS01017,Hiremallana,Hiremallana,5,5.9,IN_KA,SOLAR,INTRA_STATE,,
SS01018,BrahmanaPalli,BrahmanaPalli,1,1,IN_AP,SOLAR,INTRA_STATE,,
SS01020,Panumbre,Panumbre,12.26,12.26,IN_MH,WIND,INTRA_STATE,,
SS01021,Kale,Kale,13,13,IN_MH,WIND,INTRA_STATE,,
SS01025,Pokhari,Pokhari,8.4,8.4,IN_MH,WIND,INTRA_STATE,,
SS01026,Kuslamb,Kuslamb,10.2,10.2,IN_MH,WIND,INTRA_STATE,,
SS01027,Jamkhed,Jamkhed,7.2,7.2,IN_MH,WIND,INTRA_STATE,,
SS01029,Karajagi,Karajagi,49.435,59.351,IN_MH,SOLAR,INTRA_STATE,,
SS01030,Mandrup,Mandrup,49.75,54.39,IN_MH,SOLAR,INTRA_STATE,,
SS01032,Charanka_Emami,Charanka_Emami,10,10.0188,IN_GJ,SOLAR,INTRA_STATE,0.07,
SS01041,Nagalamadike_Atria,Nagalamadike_Ryapte,20,23.02,IN_KA,SOLAR,INTRA_STATE,,
SS01042,Kabbahalli,Kabbahalli,30,37.5,IN_KA,SOLAR,INTRA_STATE,,
SS01043,Bharmagiri,Bharmagiri_Hiriyur,20,29.994,IN_KA,SOLAR,INTRA_STATE,,
SS01044,Kogili,Kogili,30,37.5,IN_KA,SOLAR,INTRA_STATE,,
SS01045,Charanka_GPPC,Charanka_GPPC,4.48,5,IN_GJ,SOLAR,INTRA_STATE,0.07,
SS01046,Turuvanur,Turuvanur_Chitradurga,23.3,23.3,IN_KA,WIND,INTRA_STATE,,
SS01047,Mendhegiri_NALCO,Mendhegiri_NALCO,50.4,50.4,IN_MH,WIND,INTRA_STATE,,
SS01048,Mendhegiri_1,Mendhegiri_1,69.3,69.3,IN_MH,WIND,INTRA_STATE,,
SS01049,MIDJIL,MIDJIL,10,10.15,IN_TG,SOLAR,INTRA_STATE,,
SS01050,Kerehalli,Kerehalli,20,27,IN_KA,SOLAR,INTRA_STATE,,
SS01052,Shikara,Shikara,15,15,IN_GJ,SOLAR,INTRA_STATE,0.07,
SS01053,Medhasan,Medhasan,3,3.08,IN_GJ,SOLAR,INTRA_STATE,0.07,
SS01054,Medhasan_1,Medhasan_1,2,2,IN_GJ,SOLAR,INTRA_STATE,0.07,
SS01055,Eriyodu,Eriyodu,5,6,IN_TN,SOLAR,INTRA_STATE,,
SS01056,Muthuramalingapuram,Muthuramalingapuram,8,9.6,IN_TN,SOLAR,INTRA_STATE,,
SS01057,Villathikulam,Villathikulam,10,12,IN_TN,SOLAR,INTRA_STATE,,
SS01058,GN_patti,GN_patti,12,14.41,IN_TN,SOLAR,INTRA_STATE,,
SS01059,Duraisamipuram,Duraisamipuram,13,15.6,IN_TN,SOLAR,INTRA_STATE,,
SS01065,Satara_Road,Satara_Road,28,28,IN_MH,WIND,INTRA_STATE,,
SS01069,Shivlakha_Iorn_1,Shivlakha_Iorn_1,5,5,IN_GJ,SOLAR,INTRA_STATE,0.07,
SS01071,Kadegaon,Kadegaon,14.8,14.8,IN_MH,WIND,INTRA_STATE,,
SS01072,Tarana_Gala,Tarana_Gala,42,42,IN_GJ,WIND,INTRA_STATE,0.12,
SS01073,Panchpatta,Panchpatta,62.4,62.4,IN_MH,WIND,INTRA_STATE,,
SS01074,Satara_MIDC,Satara_MIDC,62.03,62.03,IN_MH,WIND,INTRA_STATE,,
SS01075,Chattel,Chattel,22,25.04,IN_GJ,SOLAR,INTRA_STATE,0.07,
SS01076,Ujjawala,Ujjawala,20.53,23.06,IN_GJ,SOLAR,INTRA_STATE,0.07,
SS01077,Responsive,Responsive,21.8,25.03,IN_GJ,SOLAR,INTRA_STATE,0.07,
SS01080,Charanka_ZF,Charanka_ZF,5,5,IN_GJ,SOLAR,INTRA_STATE,0.07,
SS01081,Aganwada,Aganwada,14.4,15.84,IN_GJ,SOLAR,INTRA_STATE,0.07,
SS01082,Dunawada,Dunawada,14.4,15.84,IN_GJ,SOLAR,INTRA_STATE,0.07,
SS01083,Khimat,Khimat,24,25,IN_GJ,SOLAR,INTRA_STATE,0.07,
SS01084,Charanka_US,Charanka_US,1.6,2,IN_GJ,SOLAR,INTRA_STATE,0.07,
SS01085,Charanka_Avatar,Charanka_Avatar,4.986,4.986,IN_GJ,SOLAR,INTRA_STATE,0.07,
SS01087,Morgale_Zenith,Morgale_Zenith,2,2.5,IN_MH,SOLAR,INTRA_STATE,,
SS01088,Morgale_Nav,Morgale_Nav,1,1.2,IN_MH,SOLAR,INTRA_STATE,,
SS01089,Morgale_Asian,Morgale_Asian,1,1.2,IN_MH,SOLAR,INTRA_STATE,,
SS01125,Madhavnagar,Madhavnagar,7.5,8,IN_GJ,SOLAR,INTRA_STATE,0.07,
SS01126,Flexirual_Urja,Flexirual_Urja,18,20.434,IN_MH,SOLAR,INTRA_STATE,,
SS01127,Parbhani,Parbhani,36,43.69,IN_MH,SOLAR,INTRA_STATE,,
SS01128,Mahoba_Spinel,Mahoba_Spinel,20,24.13,IN_UP,SOLAR,INTRA_STATE,0.15,Daily
SS01136,Turmamidi,Turmamidi,7,9,IN_TG,SOLAR,INTRA_STATE,,
SS01137,Godavari_Solar,Godavari_Solar,2.5,2.5,IN_AP,SOLAR,INTRA_STATE,,
SS01143,Ankiraddypally_NREDCAP,Ankiraddypally_NREDCAP,2.75,2.75,IN_AP,WIND,INTRA_STATE,,
SS01144,Warora,Warora,5,5.751,IN_MH,SOLAR,INTRA_STATE,,
SS01145,Karya,Karya,20,26,IN_KA,SOLAR,INTRA_STATE,,
SS01146,Chincholi,Chincholi,20,26.6,IN_KA,SOLAR,INTRA_STATE,,
SS01149,BIPL,BIPL,12.6,15.594,IN_PB,SOLAR,INTRA_STATE,,
SS01150,BIDL,BIDL,12.6,15.679,IN_PB,SOLAR,INTRA_STATE,,
SS01151,Golida_GFL,Golida_GFL,52,52,IN_GJ,WIND,INTRA_STATE,0.12,
SS01152,Medha,Medha,7.2,7.2,IN_MH,WIND,INTRA_STATE,,
SS01153,Kundada,Kundada,27.3,27.3,IN_GJ,WIND,INTRA_STATE,0.12,
SS01154,Poovani,Poovani,200,200,IN_TN,WIND,INTER_STATE,,
SS01155,Boha_magnet,Boha_magnet,21.76,26.25,IN_PB,SOLAR,INTRA_STATE,,
SS01156,Boha_Magnet_1,Boha_Magnet_1,21.76,26.25,IN_PB,SOLAR,INTRA_STATE,,
SS01157,Undale,Undale,6,6,IN_MH,WIND,INTRA_STATE,,
SS01159,Bhesada_Greenko,Bhesada_Greenko,39.9,39.9,IN_RJ,WIND,INTRA_STATE,,
SS01160,Pavagada_Fortum_Finsurya,Pavagada_Fortum_Finsurya,100,125,IN_KA,SOLAR,INTER_STATE,,
SS01167,Salehalli,Salehalli,20,28.019,IN_KA,SOLAR,INTRA_STATE,,
SS01174,Mazhai,Mazhai,49.6,49.6,IN_TN,WIND,INTRA_STATE,,
SS01175,Manur,Manur,61.6,61.6,IN_TN,WIND,INTRA_STATE,,
SS01176,Veeranam,Veeranam,21.6,21.6,IN_TN,WIND,INTRA_STATE,,
SS01177,Annanagar,Annanagar,31.8,31.8,IN_TN,WIND,INTRA_STATE,,
SS01178,Chinnaputhur,Chinnaputhur,133.09,133.09,IN_TN,WIND,INTRA_STATE,,
SS01179,Chithamparapuram,Chithamparapuram,23.4,23.4,IN_TN,WIND,INTRA_STATE,,
SS01180,Dharapuram,Dharapuram,19.2,19.2,IN_TN,WIND,INTRA_STATE,,
SS01181,Edyarpalayam,Edyarpalayam,5.29,5.29,IN_TN,WIND,INTRA_STATE,,
SS01182,Gudimanglam,Gudimanglam,0.23,0.23,IN_TN,WIND,INTRA_STATE,,
SS01183,K.Mazhai,K.Mazhai,3.2,3.2,IN_TN,WIND,INTRA_STATE,,
SS01184,Karunkulam,Karunkulam,4.8,4.8,IN_TN,WIND,INTRA_STATE,,
SS01185,Maharajapuram,Maharajapuram,1.8,1.8,IN_TN,WIND,INTRA_STATE,,
SS01186,Maruthur,Maruthur,9.27,9.27,IN_TN,WIND,INTRA_STATE,,
SS01187,Melkaraipatti,Melkaraipatti,128,128,IN_TN,WIND,INTRA_STATE,,
SS01188,Panagudi,Panagudi,1.2,1.2,IN_TN,WIND,INTRA_STATE,,
SS01189,Pazhavoor,Pazhavoor,7.2,7.2,IN_TN,WIND,INTRA_STATE,,
SS01190,Pedampalli,Pedampalli,0.46,0.46,IN_TN,WIND,INTRA_STATE,,
SS01191,Perunkudi,Perunkudi,0.6,0.6,IN_TN,WIND,INTRA_STATE,,
SS01192,Ponnapuram,Ponnapuram,9.78,9.78,IN_TN,WIND,INTRA_STATE,,
SS01193,Poolavadi,Poolavadi,5.52,5.52,IN_TN,WIND,INTRA_STATE,,
SS01194,Radhapuram,Radhapuram,6.6,6.6,IN_TN,WIND,INTRA_STATE,,
SS01195,Tandyarkulam,Tandyarkulam,3.6,3.6,IN_TN,WIND,INTRA_STATE,,
SS01196,Thalaiyuthu,Thalaiyuthu,38.4,38.4,IN_TN,WIND,INTRA_STATE,,
SS01197,Therkuppatti,Therkuppatti,126.4,126.4,IN_TN,WIND,INTRA_STATE,,
SS01198,Thungavi,Thungavi,0.69,0.69,IN_TN,WIND,INTRA_STATE,,
SS01199,Vadakkankulam,Vadakkankulam,4.8,4.8,IN_TN,WIND,INTRA_STATE,,
SS01200,Jaloya,Jaloya,35,52.5,IN_GJ,SOLAR,INTRA_STATE,0.07,Daily
SS01201,Badi_VH,Badi_VH,3.4,4,IN_RJ,SOLAR,INTRA_STATE,,
SS01202,Periyapatti_Solar,Periyapatti_Solar,55,78.81,IN_TN,SOLAR,INTRA_STATE,,
SS01203,Pathrota_10MW_OFISolar,Pathrota_10MW_OFISolar,10,11,IN_MP,SOLAR,INTRA_STATE,0.1,Daily
SS01204,Satpula_10MW_GCF,Satpula_10MW_GCF,10,11,IN_MP,SOLAR,INTRA_STATE,0.1,Daily
SS01205,Wadala,Wadala,15,16,IN_MH,SOLAR,INTRA_STATE,,
SS01206,Dafalapur,Dafalapur,10,10,IN_MH,WIND,INTRA_STATE,,
SS01207,Wai,Wai,20.1,20.1,IN_MH,WIND,INTRA_STATE,,
SS01209,Kot_Dharmu,Kot_Dharmu,20,21,IN_PB,SOLAR,INTRA_STATE,,
SS01210,Tahliyan,Tahliyan,10,10.5,IN_PB,SOLAR,INTRA_STATE,,
SS01212,VFJ,VFJ,10,11,IN_MP,SOLAR,INTRA_STATE,0.1,Daily
SS01213,Madhav_solar,Madhav_solar,2,2.1,IN_PB,SOLAR,INTRA_STATE,,
SS01214,Madhav_Solar_1,Madhav_Solar_1,2,2.1,IN_PB,SOLAR,INTRA_STATE,,
SS01215,Alike_Nextgen,Alike_Nextgen,1,1.05,IN_PB,SOLAR,INTRA_STATE,,
SS01216,Gurudev_Nagar,Gurudev_Nagar,50,75,IN_UP,SOLAR,INTRA_STATE,,
SS01217,Kombhalne_Bhageria,Kombhalne_Bhageria,49,64.456,IN_MH,SOLAR,INTRA_STATE,,
SS01218,Alike_Allianz,Alike_Allianz,2,2,IN_PB,SOLAR,INTRA_STATE,,
SS01219,Kombhalne_SJVN,Kombhalne_SJVN,47.6,47.6,IN_MH,WIND,INTRA_STATE,,
SS01220,Kombhalne,Kombhalne,96.6,112.056,IN_MH,HYBRID,INTRA_STATE,,
SS01221,Mohol,Mohol,10,10,IN_MH,SOLAR,INTRA_STATE,,
SS01222,Sangola,Sangola,11,12.09,IN_MH,SOLAR,INTRA_STATE,,
SS01223,Tippareddy_Gudem,Tippareddy_Gudem,4.5,5.074,IN_TG,SOLAR,INTRA_STATE,,
SS01224,Komatikundala_RCI,Komatikundala_RCI,20,20,IN_AP,WIND,INTRA_STATE,,
SS01225,Komatikundala_BW,Komatikundala_BW,4.25,4.25,IN_AP,WIND,INTRA_STATE,,
SS01226,Rama_Mandi,Rama_Mandi,19.04,25,IN_PB,SOLAR,INTRA_STATE,,
SS01227,Talwandi_Sabo,Talwandi_Sabo,12.92,15,IN_PB,SOLAR,INTRA_STATE,,
SS01228,Komatipalli,Komatipalli,2,2.15,IN_AP,SOLAR,INTRA_STATE,,
SS01230,P_D_Kote_Azure,P_D_Kote_Azure,10,11.58521,IN_KA,SOLAR,INTRA_STATE,,
SS01231,Hiriyur_Raj,Hiriyur_Raj,40,42.27285,IN_KA,SOLAR,INTRA_STATE,,
SS01232,Hiriyur_Photovoltaic,Hiriyur_Photovoltaic,40,42.02648,IN_KA,SOLAR,INTRA_STATE,,
SS01233,Hiriyur_Sunrise,Hiriyur_Sunrise,50,53.79968,IN_KA,SOLAR,INTRA_STATE,,
SS01234,Rangenhalli_Azure,Rangenhalli_Azure,10,10.062,IN_KA,SOLAR,INTRA_STATE,,
SS01235,Peda,Peda,1,1.05,IN_PB,SOLAR,INTRA_STATE,,
SS01236,Balluana,Balluana,100,112.83,IN_PB,SOLAR,INTRA_STATE,,
SS01237,Rama,Rama,20.04,26,IN_PB,SOLAR,INTRA_STATE,,
SS01238,Alike,Alike,28.2,34.323,IN_PB,SOLAR,INTRA_STATE,,
SS01239,Dhanora,Dhanora,5,5.75,IN_MH,SOLAR,INTRA_STATE,,
SS01240,Morgale_Atha,Solarcraft_Mahasolar_50,50,65,IN_MH,SOLAR,INTRA_STATE,,
SS01241,Gangakhed,Gangakhed,54,64.12,IN_MH,SOLAR,INTRA_STATE,,
SS01242,Jakson_NLC,Jakson_NLC,50,60,IN_TN,SOLAR,INTRA_STATE,,
SS01243,Jhansi,Jhansi,50,62.29,IN_UP,SOLAR,INTRA_STATE,0.15,Daily
SS01244,Bambarwadi_US,Bambarwadi_US,56.4,56.4,IN_MH,WIND,INTRA_STATE,,
SS01245,Ambheri_US,Ambheri_US,66.37,66.37,IN_MH,WIND,INTRA_STATE,,
SS01246,Boha_MGEPL,Boha_MGEPL,4,4.2,IN_PB,SOLAR,INTRA_STATE,,
SS01247,Boha_VGSPL,Boha_VGSPL,17.25,21.0056,IN_PB,SOLAR,INTRA_STATE,,
SS01248,Boha_VGSUPL,Boha_VGSUPL,18.36,21.0025,IN_PB,SOLAR,INTRA_STATE,,
SS01249,Boha,Boha,87.13,102.91,IN_PB,SOLAR,INTRA_STATE,,
SS01250,Ghani_Greenko,Ghani_Greenko,500,811.914,IN_AP,SOLAR,INTRA_STATE,,
SS01251,Pavagada_Greenko,Pavagada_Greenko,90,91.17465,IN_KA,SOLAR,INTRA_STATE,,
SS01252,Kakaravai,Kakaravai,5,5.5,IN_TG,SOLAR,INTRA_STATE,,
SS01253,Dhebewadi,Dhebewadi,5.76,5.76,IN_MH,WIND,INTRA_STATE,,
SS01254,KPTCL _Gokak,KPTCL _Gokak,20,27.37,IN_KA,SOLAR,INTRA_STATE,,
SS01255,KPTCL_Gadag_Solar,KPTCL_Gadag_Solar,20,27.01,IN_KA,SOLAR,INTRA_STATE,,
SS01256,KPTCL_Babaleshwar_Solar,KPTCL_Babaleshwar_Solar,20,27.66,IN_KA,SOLAR,INTRA_STATE,,
SS01257,KPTCL_Bailhongal,KPTCL_Bailhongal,20,26.55,IN_KA,SOLAR,INTRA_STATE,,
SS01258,KPTCL_Navalgund,KPTCL_Navalgund,20,27.08,IN_KA,SOLAR,INTRA_STATE,,
SS01259,KPTCL_Bilagi,KPTCL_Bilagi,20,26.6,IN_KA,SOLAR,INTRA_STATE,,
SS01267,KPTCL_Dastikoppa,KPTCL_Dastikoppa,20,26.8,IN_KA,SOLAR,INTRA_STATE,,
SS01270,JAISALMER_4NO_Suzlon,JAISALMER_4NO_Suzlon,28.2,28.2,IN_RJ,WIND,INTRA_STATE,,
SS01271,JAISALMER_4NO_RRB,JAISALMER_4NO_RRB,10.2,10.2,IN_RJ,WIND,INTRA_STATE,,
SS01273,AMARSAGAR_12No_RRB,AMARSAGAR_12No_RRB,36,36,IN_RJ,WIND,INTRA_STATE,,
SS01276,Bhandariya,Bhandariya,30,42.87,IN_GJ,SOLAR,INTRA_STATE,0.07,
SS01277,KGF_Bangarpete,KGF_Bangarpete,40,52,IN_KA,SOLAR,INTRA_STATE,,
SS01278,Gudibande,Gudibande,20,26,IN_KA,SOLAR,INTRA_STATE,,
SS01279,Arasikere,Arasikere,10,13,IN_KA,SOLAR,INTRA_STATE,,
SS01280,Chintamani,Chintamani,5,6.5,IN_KA,SOLAR,INTRA_STATE,,
SS01281,Panwari,Panwari,30,34,IN_UP,SOLAR,INTRA_STATE,0.15,Daily
SS01282,Hosahalli,Hosahalli,18.9,18.9,IN_KA,WIND,INTRA_STATE,,
SS01283,Hiriyur_Azure,Hiriyur_Azure,130,138,IN_KA,SOLAR,INTRA_STATE,,
SS01284,Lalitpur_Jackson,Lalitpur_Jackson,10,11.906,IN_UP,SOLAR,INTRA_STATE,0.15,Daily
SS01285,Arasinagundi,Arasinagundi,13.2,13.2,IN_KA,WIND,INTRA_STATE,,
SS01286,Anaburu,Anaburu,16.5,16.5,IN_KA,WIND,INTRA_STATE,,
SS01287,Tuppadahalli,Tuppadahalli,56.1,56.1,IN_KA,WIND,INTRA_STATE,,
SS01288,Bannur,Bannur,78,78,IN_KA,WIND,INTRA_STATE,,
SS01289,kanasar_Herambha_1,kanasar_Herambha_1,10,13.75,IN_RJ,SOLAR,INTRA_STATE,,
SS01290,kanasar_herambha_2,kanasar_herambha_2,10,13.75,IN_RJ,SOLAR,INTRA_STATE,,
SS01292,Chandgarh,Chandgarh,92,92,IN_MP,WIND,INTRA_STATE,,
SS01293,Kallur_40,Kallur_40,40,56.33,IN_KA,SOLAR,INTRA_STATE,,
SS01294,Kallur_10,Kallur_10,10,13.2,IN_KA,SOLAR,INTRA_STATE,,
SS01297,Alagapuri,Alagapuri,24.65,24.65,IN_TN,WIND,INTRA_STATE,,
SS01298,Ananthapuram,Ananthapuram,0.85,0.85,IN_TN,WIND,INTRA_STATE,,
SS01299,Angalakurichi,Angalakurichi,4.25,4.25,IN_TN,WIND,INTRA_STATE,,
SS01300,Anna_nagar_Gamesa,Anna_nagar_Gamesa,1.7,1.7,IN_TN,WIND,INTRA_STATE,,
SS01301,Aralvoimozhi,Aralvoimozhi,5.1,5.1,IN_TN,WIND,INTRA_STATE,,
SS01302,Chettikulam,Chettikulam,0.85,0.85,IN_TN,WIND,INTRA_STATE,,
SS01303,Chithambarapuram_Gamesa,Chithambarapuram_Gamesa,0.85,0.85,IN_TN,WIND,INTRA_STATE,,
SS01304,Elevanthi,Elevanthi,34,34,IN_TN,WIND,INTRA_STATE,,
SS01305,Eluppanagaram,Eluppanagaram,0.85,0.85,IN_TN,WIND,INTRA_STATE,,
SS01306,Gamesa_pudhurpalayam,Gamesa_pudhurpalayam,8.5,8.5,IN_TN,WIND,INTRA_STATE,,
SS01307,Gandamanur,Gandamanur,0.85,0.85,IN_TN,WIND,INTRA_STATE,,
SS01308,Gangaikondan,Gangaikondan,3.4,3.4,IN_TN,WIND,INTRA_STATE,,
SS01309,Gudimangalam_Gamesa,Gudimangalam_Gamesa,16.15,16.15,IN_TN,WIND,INTRA_STATE,,
SS01310,Irrukkanturai,Irrukkanturai,0.85,0.85,IN_TN,WIND,INTRA_STATE,,
SS01311,Kadamalaigundu,Kadamalaigundu,20.4,20.4,IN_TN,WIND,INTRA_STATE,,
SS01312,Karunkulam_Gamesa,Karunkulam_Gamesa,4.25,4.25,IN_TN,WIND,INTRA_STATE,,
SS01313,Kazhugumalai,Kazhugumalai,40.8,40.8,IN_TN,WIND,INTRA_STATE,,
SS01314,Kethanur,Kethanur,5.1,5.1,IN_TN,WIND,INTRA_STATE,,
SS01315,Kinathukadavu,Kinathukadavu,8.85,8.85,IN_TN,WIND,INTRA_STATE,,
SS01316,Kongalnagaram,Kongalnagaram,24.65,24.65,IN_TN,WIND,INTRA_STATE,,
SS01317,Koodankulam,Koodankulam,2.55,2.55,IN_TN,WIND,INTRA_STATE,,
SS01318,Kottamangalam,Kottamangalam,21.55,21.55,IN_TN,WIND,INTRA_STATE,,
SS01319,Maharajapuram_Gamesa,Maharajapuram,7.65,7.65,IN_TN,WIND,INTRA_STATE,,
SS01320,Malayankulam,Malayankulam,19.55,19.55,IN_TN,WIND,INTRA_STATE,,
SS01321,Manur_Gamesa,Manur,1.7,1.7,IN_TN,WIND,INTRA_STATE,,
SS01322,Moolanur,Moolanur,6.8,6.8,IN_TN,WIND,INTRA_STATE,,
SS01323,Navaladi,Navaladi,9.35,9.35,IN_TN,WIND,INTRA_STATE,,
SS01324,Negamam_Gamesa,Negamam,9.35,9.35,IN_TN,WIND,INTRA_STATE,,
SS01325,Palani,Palani,24.65,24.65,IN_TN,WIND,INTRA_STATE,,
SS01326,Palladam,Palladam,0.85,0.85,IN_TN,WIND,INTRA_STATE,,
SS01327,Pethappampatty,Pethappampatty,27.2,27.2,IN_TN,WIND,INTRA_STATE,,
SS01328,Ponnapuram_Gamesa,Ponnapuram,5.1,5.1,IN_TN,WIND,INTRA_STATE,,
SS01329,Pudhurpalayam,Pudhurpalayam,3.4,3.4,IN_TN,WIND,INTRA_STATE,,
SS01330,Ramnagar,Ramnagar,28,28,IN_TN,WIND,INTRA_STATE,,
SS01331,Rasipalayam,Rasipalayam,99.5,99.5,IN_TN,WIND,INTRA_STATE,,
SS01332,Sankaraperi,Sankaraperi,244,244,IN_TN,WIND,INTRA_STATE,,
SS01333,Srirangapuram,Srirangapuram,49.3,49.3,IN_TN,WIND,INTRA_STATE,,
SS01334,Thandayarkulam_Gamesa,Thandayarkulam,3.4,3.4,IN_TN,WIND,INTRA_STATE,,
SS01335,Uthumalai,Uthumalai,3.4,3.4,IN_TN,WIND,INTRA_STATE,,
SS01336,Veerasigamani,Veerasigamani,5.1,5.1,IN_TN,WIND,INTRA_STATE,,
SS01338,Kawati_Mahakal,Kawati_Mahakal,8.4,8.4,IN_MH,WIND,INTRA_STATE,,
SS01339,Eppodumvendran,Eppodumvendran,30.6,30.6,IN_TN,WIND,INTRA_STATE,,
SS01340,Erichanatham,Erichanatham,40,50,IN_TN,SOLAR,INTRA_STATE,,
SS01341,KPTCL_Chitguppa,KPTCL_Chitguppa,5,5.5,IN_KA,SOLAR,INTRA_STATE,,
SS01343,Thiruchulli_Aadhavan,Thiruchulli_Aadhavan,50,57.95,IN_TN,SOLAR,INTRA_STATE,,
SS01344,Thiruchulli_Kathiravan,Thiruchulli_Kathiravan,50,60,IN_TN,SOLAR,INTRA_STATE,,
SS01345,Parlachi,Parlachi,15,18,IN_TN,SOLAR,INTRA_STATE,,
SS01346,Puthanampatty,Puthanampatty,10,12.6,IN_TN,SOLAR,INTRA_STATE,,
SS01347,Muthuramalingapuram_Old,Muthuramalingapuram_Old,50,60,IN_TN,SOLAR,INTRA_STATE,,
SS01350,Anaikadavu,Anaikadavu,49.5,49.5,IN_TN,WIND,INTRA_STATE,,
SS01351,Anthiyur,Anthiyur,14.85,14.85,IN_TN,WIND,INTRA_STATE,,
SS01352,Wandhiya_GP,Wandhiya_GP,91.8,91.8,IN_GJ,WIND,INTRA_STATE,0.12,
SS01353,Ghani_Greenko_1,Ghani_Greenko_1,250,405.957,IN_AP,SOLAR,INTRA_STATE,,
SS01354,Ghani_Greenko_2,Ghani_Greenko_2,250,405.957,IN_AP,SOLAR,INTRA_STATE,,
SS01355,Tuljapur_Cleantech,Tuljapur_Cleantech,15,20.8,IN_MH,SOLAR,INTRA_STATE,,
SS01356,Savaragaon,Savaragaon,10,14,IN_MH,SOLAR,INTRA_STATE,,
SS01358,Maniyachi,Maniyachi,252,252,IN_TN,WIND,INTER_STATE,,
SS01359,Rayachoti_AB,Rayachoti_AB,8.75,9.629,IN_AP,SOLAR,INTRA_STATE,,
SS01361,AMARSAGAR_12No_Suzlon_1,AMARSAGAR_12No_Suzlon_1,45.05,45.05,IN_RJ,WIND,INTRA_STATE,,
SS01362,AMARSAGAR_12No_Suzlon_2,AMARSAGAR_12No_Suzlon_2,44.95,44.95,IN_RJ,WIND,INTRA_STATE,,
SS01363,Eluvanampatti,Eluvanampatti,22,30,IN_TN,SOLAR,INTRA_STATE,,
SS01364,Melakothampatti,Melakothampatti,14.18,16.18,IN_TN,SOLAR,INTRA_STATE,,
SS01365,T_Pet,T_Pet,13.73,16.08,IN_TN,SOLAR,INTRA_STATE,,
SS01366,Vannikonendal,Vannikonendal,7,7,IN_TN,WIND,INTRA_STATE,,
SS01367,Sundankurichy,Sundankurichy,20.5,20.5,IN_TN,WIND,INTRA_STATE,,
SS01368,Perungudi,Perungudi,8,8,IN_TN,WIND,INTRA_STATE,,
SS01369,Periyapatti_H,Periyapatti_H,203,228.8,IN_TN,HYBRID,INTRA_STATE,,
SS01370,Vanavad,Vanavad,2.95,3,IN_GJ,SOLAR,INTRA_STATE,0.07,
SS01371,Goonga,Goonga,40,40,IN_RJ,WIND,INTRA_STATE,,
SS01372,Arya_Nagar,Arya_Nagar,5,5.5,IN_HR,SOLAR,INTRA_STATE,,
SS01373,Payagpur,Payagpur,20,28,IN_UP,SOLAR,INTRA_STATE,0.15,Daily
SS01374,Pavagada_Fortum_Solar,Pavagada_Fortum_Solar,250,350.24,IN_KA,SOLAR,INTER_STATE,,
SS01375,Puglur,Puglur,300,300,IN_TN,WIND,INTER_STATE,,
SS01377,Nichapura_Hindustan,Nichapura_Hindustan,22.25,22.25,IN_KA,WIND,INTRA_STATE,,
SS01378,Nichapura_1,Nichapura_1,25,25,IN_KA,WIND,INTRA_STATE,,
SS01379,Nichapura_2,Nichapura_2,25,25,IN_KA,WIND,INTRA_STATE,,
SS01381,GAYA_SOLAR,GAYA_SOLAR,250,375,IN_GJ,SOLAR,INTRA_STATE,0.07,
SS01382,Badisid_Hitech,Badisid_Hitech,3.25,4.2,IN_RJ,SOLAR,INTRA_STATE,,
SS01383,Pavagada_B05,Pavagada_B05,50,70.02225,IN_KA,SOLAR,INTER_STATE,,
SS01384,Pavagada_B09,Pavagada_B09,50,70.03845,IN_KA,SOLAR,INTER_STATE,,
SS01385,Pavagada_B14,Pavagada_B14,50,70.0083,IN_KA,SOLAR,INTER_STATE,,
SS01386,Pavagada_B20,Pavagada_B20,50,70.1289,IN_KA,SOLAR,INTER_STATE,,
SS01387,Pavagada_B40,Pavagada_B40,50,70.0467,IN_KA,SOLAR,INTER_STATE,,
SS01388,Pothanapalli,Pothanapalli,1.5,1.66,IN_AP,SOLAR,INTRA_STATE,,
SS01389,Habsipur,Habsipur,8,9.19,IN_TG,SOLAR,INTRA_STATE,,
SS01390,Narayankhed,Narayankhed,7.5,8.24,IN_TG,SOLAR,INTRA_STATE,,
SS01391,PARAMPUJYA_PAVAGADA_Adani,PARAMPUJYA_PAVAGADA_Adani,150,205.5,IN_KA,SOLAR,INTER_STATE,,
SS01421,Ambheri_Malpani,Ambheri_Malpani,16,16,IN_MH,WIND,INTRA_STATE,,
SS01422,Ambheri_TATA,Ambheri_TATA,32,32,IN_MH,WIND,INTRA_STATE,,
SS01423,Atha_Alote_10,AMPL_10,10,12.09,IN_MP,SOLAR,INTRA_STATE,,
SS01424,Atha_Juwi_20,AMPL_20,20,23.737,IN_MP,SOLAR,INTRA_STATE,,
SS01425,Lalitpur_Refex,Lalitpur_Refex,10,11.53,IN_UP,SOLAR,INTRA_STATE,0.15,Daily
SS01426,Lalitpur_Samavist,Lalitpur_Samavist,10,11.53,IN_UP,SOLAR,INTRA_STATE,0.15,Daily
SS01438,Ankiraddypally_US,Ankiraddypally_US,86.75,86.75,IN_AP,WIND,INTRA_STATE,,
SS01441,Batlagundu_Hppl,Batlagundu_Hppl,99.5,109.45,IN_TN,SOLAR,INTRA_STATE,,
SS01442,Tilhar,Tilhar,10,14,IN_UP,SOLAR,INTRA_STATE,0.15,Daily
SS01443,Savanur,Savanur,20,26.862,IN_KA,SOLAR,INTRA_STATE,,
SS01444,Basavanakatte,Basavanakatte,20,25.41,IN_KA,SOLAR,INTRA_STATE,,
SS01445,Siddipet,Siddipet,50,57.51,IN_TG,SOLAR,INTRA_STATE,,
SS01446,Minpur,Minpur,24.94,28.81,IN_TG,SOLAR,INTRA_STATE,,
SS01447,Panwari_Nirosha,Panwari_Nirosha,30,34.82,IN_UP,SOLAR,INTRA_STATE,0.15,Daily
SS01448,Gadwal_Mytrah,Gadwal_Mytrah,15,17.229,IN_TG,SOLAR,INTRA_STATE,,
SS01449,KPTCL_Hunagund,KPTCL_Hunagund,15,17.027,IN_KA,SOLAR,INTRA_STATE,,
SS01450,Arvapally_Mytrah,Arvapally_Mytrah,7.56,9.492,IN_TG,SOLAR,INTRA_STATE,,
SS01451,KPTCL_Hidkal,KPTCL_Hidkal,15,17.27,IN_KA,SOLAR,INTRA_STATE,,
SS01452,KPTCL_Sindagi,KPTCL_Sindagi,15,17.4,IN_KA,SOLAR,INTRA_STATE,,
SS01453,Tuljapur_Amp,Tuljapur_Amp,62.125,93.5,IN_MH,SOLAR,INTRA_STATE,,
SS01454,Alampur_Mytrah,Alampur_Mytrah,10.789,12.189,IN_TG,SOLAR,INTRA_STATE,,
SS01455,Tuljapur_US,Tuljapur_US,87.125,126.6,IN_MH,SOLAR,INTRA_STATE,0.15,Daily
SS01456,Alfanar,Alfanar,234.6,234.6,IN_GJ,WIND,INTER_STATE,0.15,
SS01457,Chandragiri_NEW,Chandragiri_NEW,249.9,249.9,IN_TN,WIND,INTRA_STATE,,
SS01458,Khanak_Amplus,Khanak_Amplus,50,75,IN_HR,SOLAR,INTRA_STATE,,
SS01459,Bagalkot,Bagalkot,5,5.5,IN_KA,SOLAR,INTRA_STATE,,
SS01460,Gulburga,Gulburga,5,5.5,IN_KA,SOLAR,INTRA_STATE,,
SS01462,Kamareddy,Kamareddy,15,18,IN_TG,SOLAR,INTRA_STATE,,
SS01463,Ramannapet,Ramannapet,15,18,IN_TG,SOLAR,INTRA_STATE,,
SS01464,CLEAN SOLAR_SANTHPUR,Aurad_Santhpur,40,44,IN_KA,SOLAR,INTRA_STATE,,
SS01465,CLEAN SOLAR_PD HALLI,Bellary_PD Halli,20,22,IN_KA,SOLAR,INTRA_STATE,,
SS01466,CLEAN SOLAR_DASODI,CN Halli_Dasodi,20,22,IN_KA,SOLAR,INTRA_STATE,,
SS01467,CLEAN SOLAR_MUGUR,Chamrajanagar_Muguru,20,22,IN_KA,SOLAR,INTRA_STATE,,
SS01468,CLEAN SOLAR_NALWARA,Chittapur_Nalwara,20,22,IN_KA,SOLAR,INTRA_STATE,,
SS01469,CLEAN SOLAR_KANAKAGIRI,Gangavathi_Kanakagiri,20,22,IN_KA,SOLAR,INTRA_STATE,,
SS01470,HERO FUTURE_RAMPURA,Hiriyur_Rampura,10,11,IN_KA,SOLAR,INTRA_STATE,,
SS01471,CLEAN MANVISOLAR_KAVITAL,Kavithal Solar_Manvi,28.88,37.09,IN_KA,SOLAR,INTRA_STATE,,
SS01472,CLEAN SOLAR_BANDAHALLI,Kollegala_Bandahalli,20,22,IN_KA,SOLAR,INTRA_STATE,,
SS01473,CLEAN SOLAR_NITRAHALLI,Korategere_Nitrahalli,20,22,IN_KA,SOLAR,INTRA_STATE,,
SS01474,CLEAN SOLAR_KURDICROSS,Kurdi Cross_Kurdicross,50,55,IN_KA,SOLAR,INTRA_STATE,,
SS01475,CLEAN SOLAR_MIDIGESHI,Madhugiri_Midigeshi,20,22,IN_KA,SOLAR,INTRA_STATE,,
SS01476,CLEAN SOLAR_MARAGUTTI,Margatti_Margatti,40,44,IN_KA,SOLAR,INTRA_STATE,,
SS01477,CLEAN SOLAR_PD KOTE,PD Kote_PD Kote,30,33,IN_KA,SOLAR,INTRA_STATE,,
SS01478,CLEAN SOLAR_WADGERA,Shahpura_Wadgera,20,22,IN_KA,SOLAR,INTRA_STATE,,
SS01479,CLEAN SOLAR_TURVIHAL,Sindhanoor_Thurvial,40,44,IN_KA,SOLAR,INTRA_STATE,,
SS01488,Thadikombu_VP_10,Thadikombu_VP_10,10,12.51,IN_TN,SOLAR,INTRA_STATE,,
SS01489,Thadikombu_VP_5,Thadikombu_VP_5,5,6.25,IN_TN,SOLAR,INTRA_STATE,,
SS01490,Thadikombu_VGP_10,Thadikombu_VGP_10,9.81,12.25,IN_TN,SOLAR,INTRA_STATE,,
SS01491,Thadikombu_PT_5,Thadikombu_PT_5,5,6.25,IN_TN,SOLAR,INTRA_STATE,,
SS01492,Thadikombu_30,Thadikombu_30,29.81,37.26,IN_TN,SOLAR,INTRA_STATE,,
SS01493,GAMESA MANVIWIND_KAVITAL,Kavithal Wind_Manvi,50,50,IN_KA,WIND,INTRA_STATE,,
SS01494,Muthuramalingapuram_Cresent,Muthuramalingapuram_Cresent,15,18,IN_TN,SOLAR,INTRA_STATE,,
SS01495,Panwari_Juwi,Panwari_Juwi,30,37.016,IN_UP,SOLAR,INTRA_STATE,0.15,Daily
SS01496,Rasingapuram,Rasingapuram,49.5,49.5,IN_TN,WIND,INTRA_STATE,,
SS01497,Thappakundu,Thappakundu,10.5,10.5,IN_TN,WIND,INTRA_STATE,,
SS01498,Kanarpatti,Kanarpatti,14.4,14.4,IN_TN,WIND,INTRA_STATE,,
SS01499,Paruthiyur_Sembcorp,Paruthiyur_Sembcorp,25.5,25.5,IN_TN,WIND,INTRA_STATE,,
SS01500,Rastha_Sembcorp,Rastha_Sembcorp,24,24,IN_TN,WIND,INTRA_STATE,,
SS01501,Sangola_Mitcoin,Sangola_Mitcoin,4.9,5.3,IN_MH,SOLAR,INTRA_STATE,,
SS01502,Sangola_RYB,Sangola_RYB,6.1,6.79,IN_MH,SOLAR,INTRA_STATE,,
SS01503,Panchincholi,Panchincholi,10,11.032,IN_MH,SOLAR,INTRA_STATE,,
SS01504,Lohara,Lohara,100,100,IN_MH,WIND,INTRA_STATE,,
SS01505,Koral,Koral,26,26,IN_MH,WIND,INTRA_STATE,,
SS01506,Chitrakoot_25MW,Chitrakoot_25MW,25,37.53,IN_UP,SOLAR,INTRA_STATE,,
SS01509,Tuticorin_SECI,Tuticorin_SECI,220,220,IN_TN,WIND,INTER_STATE,,
SS01510,CLEAN SOLAR_KABBALLI,Gundlupet_Kabballihi,20,22,IN_KA,SOLAR,INTRA_STATE,,
SS01511,Tagguparthy_ITC_1,Tagguparthy_ITC_1,46,46,IN_AP,WIND,INTRA_STATE,,
SS01512,Kokrale_TATA,Kokrale_TATA,4,4,IN_MH,WIND,INTRA_STATE,,
SS01513,Satara_Road_TATA,Satara_Road_TATA,6,6,IN_MH,WIND,INTRA_STATE,,
SS01514,Wadagere_Matrix,Wadagere_Matrix,8.5,9.34,IN_KA,SOLAR,INTRA_STATE,,
SS01515,Valakamadinni_Matrix,Valakamadinni_Matrix,6.5,7.35,IN_KA,SOLAR,INTRA_STATE,,
SS01517,Urvakonda_Terraform,Urvakonda_Terraform,210,210,IN_AP,WIND,INTRA_STATE,,
SS01518,Singapore_Township,Singapore_Township,5.96,6.56,IN_TG,SOLAR,INTRA_STATE,,
SS01519,BhujVadva_Sembcorp,BhujVadva_Sembcorp,252,252,IN_GJ,WIND,INTER_STATE,0.15,
SS01520,Jaglur_wind_Cleanmax,Jaglur_wind_Cleanmax,99.9,99.9,IN_KA,WIND,INTRA_STATE,,
SS01523,Puttaparty,Puttaparty,25.3,25.3,IN_AP,WIND,INTRA_STATE,,
SS01524,Dhone,Dhone,24,24,IN_AP,WIND,INTRA_STATE,,
SS01525,Kandi_Ecoren,Kandi_Ecoren,79.2,79.2,IN_AP,WIND,INTRA_STATE,,
SS01526,Kandi_PTC,Kandi_PTC,49.3,49.3,IN_AP,WIND,INTRA_STATE,,
SS01527,Karadikonda_PTC,Karadikonda_PTC,49.5,49.5,IN_AP,WIND,INTRA_STATE,,
SS01528,Molagavalli_PTC,Molagavalli_PTC,50,50,IN_AP,WIND,INTRA_STATE,,
SS01529,Animala,Animala,84,84,IN_AP,WIND,INTRA_STATE,,
SS01530,Atmakuru,Atmakuru,10,10,IN_AP,WIND,INTRA_STATE,,
SS01531,Uravakonda_Beluguppa,Uravakonda_Beluguppa,239.4,239.4,IN_AP,WIND,INTRA_STATE,,
SS01532,Bogasamudram,Bogasamudram,10,10,IN_AP,WIND,INTRA_STATE,,
SS01533,Guntakal,Guntakal,39.9,39.9,IN_AP,WIND,INTRA_STATE,,
SS01534,Uravakonda_Ipperu,Uravakonda_Ipperu,100,100,IN_AP,WIND,INTRA_STATE,,
SS01535,Nansuralla_Jutturu,Nansuralla_Jutturu,148.9,148.9,IN_AP,WIND,INTRA_STATE,,
SS01536,Kuderu_Rayalaseema,Kuderu_Rayalaseema,10,10,IN_AP,WIND,INTRA_STATE,,
SS01537,Racherla,Racherla,48.2,48.2,IN_AP,WIND,INTRA_STATE,,
SS01538,Ramagiri_suzlon,Ramagiri_suzlon,18.9,18.9,IN_AP,WIND,INTRA_STATE,,
SS01539,Uravakonda_Nimbagallu,Uravakonda_Nimbagallu,300,300,IN_AP,WIND,INTRA_STATE,,
SS01540,Vajrakarur_US,Vajrakarur_US,268.8,268.8,IN_AP,WIND,INTRA_STATE,,
SS01541,Kalyandurg_Yetallu,Kalyandurg_Yetallu,48,48,IN_AP,WIND,INTRA_STATE,,
SS01542,Rotarypuram,Rotarypuram,8,8,IN_AP,WIND,INTRA_STATE,,
SS01543,Venkatapuram,Venkatapuram,4.25,4.25,IN_AP,WIND,INTRA_STATE,,
SS01544,Kondapuram_Vibrant,Kondapuram_Vibrant,5.1,5.1,IN_AP,WIND,INTRA_STATE,,
SS01545,Singanamala,Singanamala,0.8,0.8,IN_AP,WIND,INTRA_STATE,,
SS01546,Singanamala_SUNWIN,Singanamala_SUNWIN,4,4,IN_AP,WIND,INTRA_STATE,,
SS01547,Komatikuntla_Vibrant,Komatikuntla_Vibrant,6.5,6.5,IN_AP,WIND,INTRA_STATE,,
SS01548,Karadikonda,Karadikonda,99,99,IN_AP,WIND,INTRA_STATE,,
SS01549,Sahaswan,Sahaswan,49.916,72.384,IN_UP,SOLAR,INTRA_STATE,0.15,Daily
SS01550,CKM_Palli,CKM_Palli,10,10,IN_AP,WIND,INTRA_STATE,,
SS01552,Kandimallayapalli,Kandimallayapalli,128.5,128.5,IN_AP,WIND,INTRA_STATE,,
SS01553,Molagavalli_M,Molagavalli_M,20,20,IN_AP,WIND,INTRA_STATE,,
SS01554,Molagavalli_US,Molagavalli_US,116,116,IN_AP,WIND,INTRA_STATE,,
SS01555,Nimbagallu_Greenko,Nimbagallu_Greenko,100,100,IN_AP,WIND,INTRA_STATE,,
SS01557,Vajrakarur_Greenko,Vajrakarur_Greenko,50.4,50.4,IN_AP,WIND,INTRA_STATE,,
SS01559,Belugappa_Greenko,Belugappa_Greenko,100.8,100.8,IN_AP,WIND,INTRA_STATE,,
SS01560,Belugappa_RG,Belugappa_RG,138.6,138.6,IN_AP,WIND,INTRA_STATE,,
SS01572,Ext_Uravakonda_Beluguppa,Ext_Uravakonda_Beluguppa,239.4,239.4,IN_AP,WIND,INTRA_STATE,,
SS01573,Ext_Uravakonda_Nimbagallu,Ext_Uravakonda_Nimbagallu,300,300,IN_AP,WIND,INTRA_STATE,,
SS01574,Ext_Vajrakarur_US,Ext_Vajrakarur_US,268.8,268.8,IN_AP,WIND,INTRA_STATE,,
SS01575,Narasimhakonda_NREDCAP,Narasimhakonda_NREDCAP,2.5,2.5,IN_AP,WIND,INTRA_STATE,,
SS01576,Chitrakoot_50MW,Chitrakoot_50MW,50,72.5,IN_UP,SOLAR,INTRA_STATE,,
SS01577,Sidhalapuram_NREDCAP,Sidhalapuram_NREDCAP,5.95,5.95,IN_AP,WIND,INTRA_STATE,,
SS01578,Singanamala_US,Singanamala_US,4.8,4.8,IN_AP,WIND,INTRA_STATE,,
SS01579,Bareta,Bareta,25,26.25,IN_PB,SOLAR,INTRA_STATE,,
SS01580,Balran,Balran,25,26.25,IN_PB,SOLAR,INTRA_STATE,,
SS01581,Jalalabad,Jalalabad,50,72.45,IN_UP,SOLAR,INTRA_STATE,0.15,Daily
SS01582,Raimoha,Raimoha,20,27.483,IN_MH,SOLAR,INTRA_STATE,0.15,Daily
SS01583,Nimbagallu_Tata,Nimbagallu_Tata,100,100,IN_AP,WIND,INTRA_STATE,,
SS01584,Nimbagallu_Renew,Nimbagallu_Renew,100,100,IN_AP,WIND,INTRA_STATE,,
SS01585,Nelali,Nelali,12.6,12.6,IN_TN,WIND,INTRA_STATE,,
SS01586,Paruthiyur_US,Paruthiyur_US,126,126,IN_TN,WIND,INTRA_STATE,,
SS01587,Rastha_US,Rastha_US,49.2,49.2,IN_TN,WIND,INTRA_STATE,,
SS01588,Sankaraperi_Atria,Sankaraperi_Atria,50,50,IN_TN,WIND,INTRA_STATE,,
SS01589,Amuthapuram_SS,Amuthapuram_SS,45.6,45.6,IN_TN,WIND,INTRA_STATE,,
SS01590,Karadikonda_Sembcorp,Karadikonda_Sembcorp,49.5,49.5,IN_AP,WIND,INTRA_STATE,,
SS01591,Ayyanaroothu,Ayyanaroothu,2,2,IN_TN,WIND,INTRA_STATE,,
SS01592,Saintala,Saintala,25,35,IN_OR,SOLAR,INTRA_STATE,,
SS01593,Boudh,Boudh,25,35,IN_OR,SOLAR,INTRA_STATE,,
SS01594,Barpali,Barpali,25,35,IN_OR,SOLAR,INTRA_STATE,,
SS01595,Arka_Energy,Arka_Energy,2.8,3.26,IN_GJ,SOLAR,INTRA_STATE,0.07,
SS01596,Nallakonda_ILFS,Nallakonda_ILFS,81.6,81.6,IN_AP,WIND,INTRA_STATE,,
SS01597,Therkuppatti_ILFS,Therkuppatti_ILFS,24,24,IN_TN,WIND,INTRA_STATE,,
SS01599,Satara_Road_RG,Satara_Road_RG,22,22,IN_MH,WIND,INTRA_STATE,,
SS01600,Kokrale_RG,Kokrale_RG,14.38,14.38,IN_MH,WIND,INTRA_STATE,,
SS01601,Nagarkurnool_Mytrah,Nagarkurnool_Mytrah,15,18.74,IN_TG,SOLAR,INTRA_STATE,,
SS01602,Chegunta_Mytrah,Chegunta_Mytrah,15,19.64,IN_TG,SOLAR,INTRA_STATE,,
SS01603,Tunkibollaram_Mytrah,Tunkibollaram_Mytrah,15,18.65,IN_TG,SOLAR,INTRA_STATE,,
SS01604,Thungathurthy_Mytrah,Thungathurthy_Mytrah,15,18.65,IN_TG,SOLAR,INTRA_STATE,,
SS01605,THIMMAJIPET_Mytrah,THIMMAJIPET_Mytrah,8,9.2,IN_TG,SOLAR,INTRA_STATE,,
SS01606,Shanigaram_Mytrah,Shanigaram_Mytrah,15,17.25,IN_TG,SOLAR,INTRA_STATE,,
SS01607,Reddypet_Mytrah,Reddypet_Mytrah,15,18.84,IN_TG,SOLAR,INTRA_STATE,,
SS01608,Tandur_Mytrah,Tandur_Mytrah,15,17.25,IN_TG,SOLAR,INTRA_STATE,,
SS01609,Guntipally_Mytrah,Guntipally_Mytrah,15,17.2,IN_TG,SOLAR,INTRA_STATE,,
SS01611,Khanapur_US,Khanapur_US,96,96,IN_MH,WIND,INTRA_STATE,0.15,Daily
SS01612,Vajrakarur_Mytrah,Vajrakarur_Mytrah,128.1,128.1,IN_AP,WIND,INTRA_STATE,,
SS01613,Vajrakarur_RG,Vajrakarur_RG,90.3,90.3,IN_AP,WIND,INTRA_STATE,,
SS01614,JaglurSolar_Cleanmax,JaglurSolar_Cleanmax,81.725,113.2,IN_KA,SOLAR,INTRA_STATE,,
SS01615,Domakonda_Mytrah,Domakonda_Mytrah,15,15.03,IN_TG,SOLAR,INTRA_STATE,,
SS01616,Orito_Polyfab,Orito_Polyfab,2.4,3,IN_GJ,SOLAR,INTRA_STATE,0.07,
SS01618,IRRIPAKA,IRRIPAKA,2.5,3,IN_AP,SOLAR,INTRA_STATE,,
SS01619,Motigop,Motigop,35.1,35.1,IN_GJ,WIND,INTRA_STATE,0.12,Daily
SS01620,Khanapur_HFE,South Budh_Khanapur,32,32,IN_MH,WIND,INTRA_STATE,,
SS01621,Khanapur_MG,Khanapur_MG,28,28,IN_MH,WIND,INTRA_STATE,,
SS01622,Jalkot,Jalkot,80,109.46,IN_MH,SOLAR,INTRA_STATE,0.15,Daily
SS01623,Chitrakoot_75MW,Chitrakoot_75MW,75,110.03,IN_UP,SOLAR,INTRA_STATE,0.15,Daily
SS01624,Bhank,Bhank,2.972,3.0475,IN_GJ,SOLAR,INTRA_STATE,0.07,
SS01628,Wanaparthy_Mytrah,Wanaparthy_Mytrah,50,70,IN_TG,SOLAR,INTRA_STATE,,
SS01629,Kamareddy_Mytrah,Kamareddy_Mytrah,50,70,IN_TG,SOLAR,INTRA_STATE,,
SS01630,KM_Pally_Mytrah,KM_Pally_Mytrah,50,66.1,IN_TG,SOLAR,INTRA_STATE,,
SS01631,Nazeerabad,Nazeerabad,100.8,100.8,IN_TG,WIND,INTRA_STATE,,
SS01632,Khanapur_T,Khanapur_T,94,94,IN_MH,WIND,INTRA_STATE,,
SS01633,Saharanpur,Saharanpur,59.69,88,IN_UP,SOLAR,INTRA_STATE,0.15,Daily
SS01636,Badaun,Badaun,50,75,IN_UP,SOLAR,INTRA_STATE,,
SS01645,Kovilpatti,Kovilpatti,13,19.5,IN_TN,SOLAR,INTRA_STATE,,
SS01646,Thallak_R1,Thallak_R1,4,5.8,IN_KA,SOLAR,INTRA_STATE,,
SS01647,Thallak_R2,Thallak_R2,7,10,IN_KA,SOLAR,INTRA_STATE,,
SS01648,Lalitpur_ICD2,Lalitpur_ICD2,4.6,5.92,IN_UP,SOLAR,INTRA_STATE,,
SS01649,Tuljapur_ACG,Tuljapur_ACG,10,12.3,IN_MH,SOLAR,INTRA_STATE,,
SS01650,Lalganj,Lalganj,34,45.553,IN_UP,SOLAR,INTRA_STATE,0.15,Daily
SS01651,Koraon,Koraon,34,39.29,IN_UP,SOLAR,INTRA_STATE,0.15,Daily
SS01652,Shankargarh,Shankargarh,37,39.447,IN_UP,SOLAR,INTRA_STATE,0.15,Daily
SS01653,Badaun_Essel,Badaun_Essel,32,39.8,IN_UP,SOLAR,INTRA_STATE,0.15,Daily
SS01654,Dhorala,Dhorala,9,13.5,IN_MH,SOLAR,INTRA_STATE,,
SS01656,HINDUJA_Mallat,HINDUJA_Mallat,26,36.228,IN_KA,SOLAR,INTRA_STATE,,
SS01657,Kheragarh_Agra,Kheragarh_Agra,50,67,IN_UP,SOLAR,INTRA_STATE,0.15,Daily
SS01659,Bhoom,Bhoom,10,13.466,IN_MH,SOLAR,INTRA_STATE,,
SS01660,Laddagiri,Laddagiri,0.917,0.999,IN_AP,SOLAR,INTRA_STATE,,
SS01661,Somalapuram,Somalapuram,2.5,3.32,IN_AP,SOLAR,INTRA_STATE,,
SS01662,Bonupalli,Bonupalli,3.46,4.007,IN_AP,SOLAR,INTRA_STATE,,
SS01663,Polepalle,Polepalle,3,3.04,IN_AP,SOLAR,INTRA_STATE,,
SS01664,Begumpur,Begumpur,10,14,IN_UP,SOLAR,INTRA_STATE,0.15,Daily
SS01665,Dumali,Dumali,40,55.25,IN_GJ,SOLAR,INTRA_STATE,0.07,Daily
SS01666,Nani_Chandur,Universal_NaniChandur,2,2.496,IN_GJ,SOLAR,INTRA_STATE,0.07,
SS01667,Bhuj_Alfanar,Bhuj_Alfanar,301.4,301.4,IN_GJ,WIND,INTER_STATE,0.15,
SS01668,Morna,Morna,10,15,IN_UP,SOLAR,INTRA_STATE,0.15,Daily
SS01670,Brindavan_Kapsad,Brindavan_Kapsad,10,13,IN_UP,SOLAR,INTRA_STATE,0.15,Daily
SS01671,Bhoom_CleanTech,Bhoom_CleanTech,8,11.45,IN_MH,SOLAR,INTRA_STATE,,
SS01672,Bhoom_AlkylAmines,Bhoom_AlkylAmines,2,2.016,IN_MH,SOLAR,INTRA_STATE,,
SS01673,Ramannapet_NVNR_1,Ramannapet_NVNR_1,15,20,IN_TG,SOLAR,INTRA_STATE,,
SS01674,Ramannapet_NVNR_2,Ramannapet_NVNR_2,15,20,IN_TG,SOLAR,INTRA_STATE,,
SS01675,Ramannapet_NVNR,Ramannapet_NVNR,30,40,IN_TG,SOLAR,INTRA_STATE,,
SS01676,Nallakonda3_ILFS,Nallakonda3_ILFS,50.4,50.4,IN_AP,WIND,INTRA_STATE,,
SS01677,Arni,Arni,80,108.03,IN_MH,SOLAR,INTRA_STATE,,
SS01678,Haripar,Haripar,38,57.38,IN_GJ,SOLAR,INTRA_STATE,0.07,Daily
SS01679,Bandhavad_AC,Bandhavad_AjayCostpin,3.2,4,IN_GJ,SOLAR,INTRA_STATE,0.07,
SS01680,Bandhavad_UC,Bandhavad_UnitechCostpin,1.6,2,IN_GJ,SOLAR,INTRA_STATE,0.07,
SS01960,Babsar_Juniper,JUNIPER GREEN SIGMA PVT LTD BABSAR SOLAR,35,51.1,IN_GJ,SOLAR,INTRA_STATE,0.07,
SS01961,Bhordu_Juniper,JUNIPER GREEN SIGMA PVT LTD BHORDU SOLAR,40,58.39,IN_GJ,SOLAR,INTRA_STATE,0.07,
SS01962,Khadol_Juniper,JUNIPER GREEN SIGMA PVT LTD KHADOL SOLAR,45,65.707,IN_GJ,SOLAR,INTRA_STATE,0.07,
SS02051,Thallak_R4,Thallak_R4,18,24.3,IN_KA,SOLAR,INTRA_STATE,,
SS02052,Palitana,Palitana,23,27.76,IN_GJ,SOLAR,INTRA_STATE,0.07,Daily
SS02053,Virvaav_Solar,Virvaav_Solar,100,139.976,IN_GJ,SOLAR,INTRA_STATE,0.07,
SS02054,Kawas,Kawas,56,78,IN_GJ,SOLAR,INTER_STATE,0.1,
SS02055,Thondapadu,Thondapadu,3,3.6,IN_AP,SOLAR,INTRA_STATE,,
SS02056,Ochchhan,Saanika_Ochchhan,3.6,4.8,IN_GJ,SOLAR,INTRA_STATE,0.07,
SS02057,NG_Palli,NG_Palli,39,50,IN_AP,SOLAR,INTRA_STATE,,
SS02058,Sitamau_US,Sitamau_US,50,57,IN_MP,SOLAR,INTRA_STATE,,
SS02059,Sambepalli_AB,Sambepalli_AB,11.25,12.362,IN_AP,SOLAR,INTRA_STATE,,
SS02060,Virvaav_Hybrid,Virvaav_Hybrid,354.3,394.276,IN_GJ,HYBRID,INTRA_STATE,,
SS02061,Malumbra,Malumbra,7,9.12,IN_MH,SOLAR,INTRA_STATE,,
SS02062,NREDCAP_US,NREDCAP_US,8.45,8.45,IN_AP,WIND,INTRA_STATE,,
SS02063,Bhathala,Bhathala_Asahi,3.96,4.9,IN_GJ,SOLAR,INTRA_STATE,0.07,
SS02064,SPRNG_NPKUNTA,SPRNG_NPKUNTA,250,385,IN_AP,SOLAR,INTER_STATE,,
SS02065,M_S_Palli,M_S_Palli,3.08,3.605,IN_AP,SOLAR,INTRA_STATE,,
SS02066,Sherkot_1,Sherkot_1,10,15,IN_UP,SOLAR,INTRA_STATE,0.15,Daily
SS02067,Sherkot_2,Sherkot_2,10,15,IN_UP,SOLAR,INTRA_STATE,0.15,Daily
SS02068,Jagalur_Renew,Jagalur_Renew,228.9,228.9,IN_KA,WIND,INTER_STATE,,
SS02069,Vakha,Vakha,4,4.8,IN_GJ,SOLAR,INTRA_STATE,0.07,
SS02070,Katara_AJE,Katara_AJE,4,4.8,IN_GJ,SOLAR,INTRA_STATE,0.07,
SS02071,Katara_KSJE,Katara_KSJE,4,4.8,IN_GJ,SOLAR,INTRA_STATE,0.07,
SS02072,Katara_SSNE,Katara_SSNE,4,4.8,IN_GJ,SOLAR,INTRA_STATE,0.07,
SS02073,Bhatib_RAC,Bhatib_RAC,4,4.8,IN_GJ,SOLAR,INTRA_STATE,0.07,
SS02074,Bhatib_SME,Bhatib_SME,4,4.8,IN_GJ,SOLAR,INTRA_STATE,0.07,
SS02075,Nellai,Nellai,55,76,IN_TN,SOLAR,INTRA_STATE,,
SS02076,SPRNG_ARINSUN,SPRNG_ARINSUN,250,330,IN_MP,SOLAR,INTER_STATE,,
SS02077,Chapri_INOX,Chappari_Savarakundla,32,32,IN_GJ,WIND,INTRA_STATE,0.12,
SS02078,Dheoria,Dheoria,40,56.5,IN_UP,SOLAR,INTRA_STATE,,
SS02079,Nallakonda5_ILFS,Nallakonda5_ILFS,31.2,31.2,IN_AP,WIND,INTRA_STATE,,
SS02080,Kurchan_VAL,Kurchan_VAL,1.6,2.05,IN_GJ,SOLAR,INTRA_STATE,0.07,
SS02082,Sitpur_Adroit,Sitpur_Adroit,2.05,2.092,IN_GJ,SOLAR,INTRA_STATE,0.07,
SS02086,Kembhavi,Kembhavi,50,66.84,IN_KA,SOLAR,INTRA_STATE,,
SS02087,Talikoti,Talikoti,50,72,IN_KA,SOLAR,INTRA_STATE,,
SS02088,Saintala_ABREL,Saintala_ABREL,18.75,20.697,IN_OR,SOLAR,INTRA_STATE,,
SS02089,Bhadla_Acme,Bhadla_Acme,300,331.73,IN_RJ,SOLAR,INTER_STATE,,
SS02090,Bhadgaon,Bhadgaon,55.5,82.77,IN_MH,SOLAR,INTRA_STATE,,
SS02091,Nunna,Nunna,1,1.088,IN_AP,SOLAR,INTRA_STATE,,
SS02093,Maniyari,Maniyari,1.75,2.09,IN_GJ,SOLAR,INTRA_STATE,0.07,
SS02095,Nallakonda_Vish,Nallakonda_Vish,20.8,20.8,IN_AP,WIND,INTER_STATE,,
SS02096,Morjar,SRIJAN_MORJAR_BHJ2_SESPL,148.5,148.5,IN_GJ,WIND,INTER_STATE,0.15,
SS02099,Savarkundala_AB,Zinzuda_1,56.39,70.37,IN_GJ,SOLAR,INTRA_STATE,0.07,Daily
SS02100,Jasanwada,Jasanwada,4,4.84,IN_GJ,SOLAR,INTRA_STATE,0.07,
SS02101,Kimbuva_Dharamdeep,Kimbuva_Dharamdeep,3.5,4.2,IN_GJ,SOLAR,INTRA_STATE,0.07,
SS02102,Kimbuva_sandip,Kimbuva_sandip,2,2.4,IN_GJ,SOLAR,INTRA_STATE,0.07,
SS02103,Yellandu,Yellandu,39,42.9,IN_TG,SOLAR,INTRA_STATE,,
SS02105,Bila_Shantinath,Bila_Shantinath,4,4,IN_GJ,SOLAR,INTRA_STATE,0.07,
SS02106,Bila_Terapanth,Bila_Terapanth,4,4,IN_GJ,SOLAR,INTRA_STATE,0.07,
SS02107,Asrana_Friend_Impex,Asrana_Friend_Impex,4,4,IN_GJ,SOLAR,INTRA_STATE,0.07,
SS02108,Asrana_FriendSalt,Asrana_FriendSalt,4,4,IN_GJ,SOLAR,INTRA_STATE,0.07,
SS02109,Thallak_R5,Thallak_R5,8,11.2,IN_KA,SOLAR,INTRA_STATE,,
SS02110,Ankasandra,Ankasandra,5,7.2,IN_KA,SOLAR,INTRA_STATE,,
SS02111,Ujjini,Ujjini,23.3,23.3,IN_KA,WIND,INTRA_STATE,,
SS02112,Bhandariya_Kandla,Bhandariya_Kandla,4,4,IN_GJ,SOLAR,INTRA_STATE,0.07,
SS02113,Bhandariya_Kutch,Bhandariya_Kutch,4,4,IN_GJ,SOLAR,INTRA_STATE,0.07,
SS02114,Gundaran_Gautam,Gundaran_Gautam,4,4,IN_GJ,SOLAR,INTRA_STATE,0.07,
SS02115,Gundaran_KandlaAgro,Gundaran_KandlaAgro,4,4,IN_GJ,SOLAR,INTRA_STATE,0.07,
SS02116,Nawabganj,Nawabganj,20,30.015,IN_UP,SOLAR,INTRA_STATE,0.15,Daily
SS02117,Kutagulla,Kutagulla,1,1,IN_AP,SOLAR,INTRA_STATE,,
SS02147,Jigna_ESPL,Jigna_ESPL,75,101,IN_UP,SOLAR,INTRA_STATE,,
SS02150,Hanur_AFTL,Hanur_AFTL,20,26,IN_KA,SOLAR,INTRA_STATE,,
SS02151,UN_GWE_infra,UN_GWE_infra,4,4.8,IN_GJ,SOLAR,INTRA_STATE,0.07,
SS02157,Downing_solar,Downing_solar,8.94,10.39,IN_MH,SOLAR,INTRA_STATE,,
SS02160,Nokhra_NTPC,Nokhra_NTPC,300,375,IN_RJ,SOLAR,INTER_STATE,,
SS02161,Bhadla_Adani_200,Bhadla_Adani_200,200,290.97,IN_RJ,SOLAR,INTER_STATE,,
SS02162,Nagansura,Nagansura,9.86,14.3,IN_MH,SOLAR,INTRA_STATE,,
SS02163,Charanka_SJVN,Charanka_SJVN,5,5.6,IN_GJ,SOLAR,INTRA_STATE,0.07,
SS02164,Dhandhalpur_Puresolar,Dhandhalpur_Puresolar,15,20.085,IN_GJ,SOLAR,INTRA_STATE,0.07,Daily
SS02165,Adani_SB450_Solar,Adani_SB450_Solar,420,630,IN_RJ,SOLAR,INTER_STATE,,
SS02166,Adani_SB450_Wind,Adani_SB450_Wind,105,105,IN_RJ,WIND,INTER_STATE,,
SS02167,Adani_SB450_Hybrid,Adani_SB450_Hybrid,525,735,IN_RJ,HYBRID,INTER_STATE,,
SS02168,Savarkundala_ABREL,Zinzuda_2,39.34,49.1,IN_GJ,SOLAR,INTRA_STATE,0.07,Daily
SS02173,IGS_NPKUNTA,IGS_NPKUNTA,50,68.006,IN_AP,SOLAR,INTER_STATE,,
SS02175,IGSII_NPKUNTA,IGSII_NPKUNTA,50,70.005,IN_AP,SOLAR,INTER_STATE,,
SS02192,Mulluru_Hybrid,Mulluru_Hybrid,39.8,47.8,IN_KA,HYBRID,INTRA_STATE,,
SS02193,Manvi_Hybrid,Manvi_Hybrid,78.88,87.09,IN_KA,HYBRID,INTRA_STATE,,
SS02194,Jaglur_Hybrid_Cleanmax,Jaglur_Hybrid_Cleanmax,181.625,213.1,IN_KA,HYBRID,INTRA_STATE,,
SS02195,Thennampatty_NVR,Thennampatty_NVR,100,106,IN_TN,SOLAR,INTRA_STATE,,
SS02196,Thennampatty_NSTN,Thennampatty_NSTN,100,106,IN_TN,SOLAR,INTRA_STATE,,
SS02197,Byagwat,Babadham,40,54.1,IN_KA,SOLAR,INTRA_STATE,,
SS02198,Farhatabad,Koppal,40,54.09,IN_KA,SOLAR,INTRA_STATE,,
SS02199,Chitaguppa,Kaithal,40,54.23,IN_KA,SOLAR,INTRA_STATE,,
SS02200,Halbarga,Vijayapura,40,54.02,IN_KA,SOLAR,INTRA_STATE,,
SS02201,Guledagudda,Guledagudda,15,21.28,IN_KA,SOLAR,INTRA_STATE,,
SS02202,Sankeshwar,Hukkeri,15,21.08,IN_KA,SOLAR,INTRA_STATE,,
SS02203,M_K_Hubli,Kittur,15,21.26,IN_KA,SOLAR,INTRA_STATE,,
SS02204,Kudligi,Kudligi,20,28.42,IN_KA,SOLAR,INTRA_STATE,,
SS02205,Chornur,Sandur,20,28.33,IN_KA,SOLAR,INTRA_STATE,,
SS02206,Pallicherlu,Sidlaghatta,20,23.79,IN_KA,SOLAR,INTRA_STATE,,
SS02207,Atharga_FPEL,Atharga_FPEL,34.78,52.5,IN_KA,SOLAR,INTRA_STATE,,
SS02208,Z_DJ_Malpani,Z_DJ_Malpani,16.25,17.9,IN_TG,SOLAR,INTRA_STATE,,
SS02209,Z_LB_Kunji,Z_LB_Kunji,2,2.1,IN_TG,SOLAR,INTRA_STATE,,
SS02210,Z_Marudhar_Fashion,Z_Marudhar_Fashion,1,1.04,IN_TG,SOLAR,INTRA_STATE,,
SS02211,Z_Ravindra_K_Reshamwal,Z_Ravindra_K_Reshamwal,1,1.04,IN_TG,SOLAR,INTRA_STATE,,
SS02212,Z_Paramount_Minerals_Chemical,Z_Paramount_Minerals_Chemical,1,1.04,IN_TG,SOLAR,INTRA_STATE,,
SS02213,Z_Vikram_Tea_Processor,Z_Vikram_Tea_Processor,1.5,1.65,IN_TG,SOLAR,INTRA_STATE,,
SS02214,Z_Silver_Line_Investment,Z_Silver_Line_Investment,1,1.04,IN_TG,SOLAR,INTRA_STATE,,
SS02215,Z_SANSUI_Electronics_II,Z_SANSUI_Electronics_II,1.05,1.152,IN_TG,SOLAR,INTRA_STATE,,
SS02216,Z_Agarwal_Enterprises,Z_Agarwal_Enterprises,1,1.03,IN_TG,SOLAR,INTRA_STATE,,
SS02217,Z_Swaraj_PVC_Pipes,Z_Swaraj_PVC_Pipes,1,1.03,IN_TG,SOLAR,INTRA_STATE,,
SS02218,Z_Govindram_Shobharam,Z_Govindram_Shobharam,1,1.03,IN_TG,SOLAR,INTRA_STATE,,
SS02219,Z_Saraswati_Industries,Z_Saraswati_Industries,1,1.03,IN_TG,SOLAR,INTRA_STATE,,
SS02220,Z_Mahalingashetty,Z_Mahalingashetty,1,1.04,IN_TG,SOLAR,INTRA_STATE,,
SS02221,Z_Jsons_Foundry_1MW,Z_Jsons_Foundry_1MW,1,1.03,IN_TG,SOLAR,INTRA_STATE,,
SS02222,Z_Pudhari_Publications,Z_Pudhari_Publications,1,1.04,IN_TG,SOLAR,INTRA_STATE,,
SS02223,Z_Jsons_Foundry_3MW,Z_Jsons_Foundry_3MW,3,3.09,IN_TG,SOLAR,INTRA_STATE,,
SS02224,Z_Advik_Hi-Tech,Z_Advik_Hi-Tech,3,3.15,IN_TG,SOLAR,INTRA_STATE,,
SS02225,Z_Arnav_Renewable_Energy,Z_Arnav_Renewable_Energy,2.5,3,IN_TG,SOLAR,INTRA_STATE,,
SS02226,Z_Shreyalaxmi_Properties,Z_Shreyalaxmi_Properties,1,1.04,IN_TG,SOLAR,INTRA_STATE,,
SS02227,Z_Pudhari_Publications_1MW,Z_Pudhari_Publications_1MW,1,1.04,IN_TG,SOLAR,INTRA_STATE,,
SS02228,Z_Pudhari_Publications_2MW,Z_Pudhari_Publications_2MW,2,2.08,IN_TG,SOLAR,INTRA_STATE,,
SS02229,Z_Marudhar_Fashions,Z_Marudhar_Fashions,1,1.03,IN_TG,SOLAR,INTRA_STATE,,
SS02230,Z_Associated_Ceramics,Z_Associated_Ceramics,1,1.03,IN_TG,SOLAR,INTRA_STATE,,
SS02231,Z_Sanjay_M_Bafna,Z_Sanjay_M_Bafna,1.1,1.15,IN_TG,SOLAR,INTRA_STATE,,
SS02232,Z_Sunil_B_Desadla,Z_Sunil_B_Desadla,1.1,1.15,IN_TG,SOLAR,INTRA_STATE,,
SS02233,Z_Sapphire_Proventures,Z_Sapphire_Proventures,1,1.04,IN_TG,SOLAR,INTRA_STATE,,
SS02234,Z_Harsha_Constructions,Z_Harsha_Constructions,1,1,IN_TG,SOLAR,INTRA_STATE,,
SS02235,Z_Western_Precicast,Z_Western_Precicast,2,2.06,IN_TG,SOLAR,INTRA_STATE,,
SS02236,Z_Enrich_Energy,Z_Enrich_Energy,3,3.43,IN_TG,SOLAR,INTRA_STATE,,
SS02237,Z_Virupa_Renewable_Energy,Z_Virupa_Renewable_Energy,2,2.4,IN_TG,SOLAR,INTRA_STATE,,
SS02238,Kumbhari_Solapur,Kumbhari_Solapur,16.7,25.27,IN_MH,SOLAR,INTRA_STATE,,
SS02239,Ganduan,Ganduan,10,10.504,IN_PB,SOLAR,INTRA_STATE,,
SS02240,Ghansawangi,Ghansawangi,46.6,65.39,IN_MH,SOLAR,INTRA_STATE,,
SS02243,HPGCL_JATAL,HPGCL_JATAL,10,11.597,IN_HR,SOLAR,INTRA_STATE,,
SS02244,Anavada_Pashupati_1,Pashupati_Cotspin_4MW,4,5.52,IN_GJ,SOLAR,INTRA_STATE,0.07,
SS02245,Anavada_Pashupati_2,Pashupati_Cotspin_1.4MW,1.4,1.98,IN_GJ,SOLAR,INTRA_STATE,0.07,
SS02248,Beluguppa_Asianpaints,Beluguppa_Asianpaints,4.2,4.2,IN_AP,WIND,INTRA_STATE,,
SS02249,Kothapally,Kothapally,6.8,8.01,IN_TG,SOLAR,INTRA_STATE,,
SS02250,Kolanupaka_Alair,Kolanupaka_Alair,15,18,IN_TG,SOLAR,INTRA_STATE,,
SS02251,Bhathala_RishiFIBC,Bhathala_RishiFIBC,2.42,3,IN_GJ,SOLAR,INTRA_STATE,0.07,
SS02252,Shahjahanpur,Shahjahanpur,10,15,IN_UP,SOLAR,INTRA_STATE,0.15,Daily
SS02253,Bangarmau,Bangarmau,14.96,21.3,IN_UP,SOLAR,INTRA_STATE,0.15,Daily
SS02254,Changda_Jaychemical,Changda_Jaychemical,8,10,IN_GJ,SOLAR,INTRA_STATE,0.07,
SS02255,POKARAN_LANCO ASKANDRA,POKARAN_LANCO ASKANDRA,35,37.29,IN_RJ,SOLAR,INTRA_STATE,,
SS02256,Panchanahalli,Panchanahalli,9.6,13.5,IN_KA,SOLAR,INTRA_STATE,,
SS02257,Habsipur_Rays,Habsipur_Rays,2,2,IN_TG,SOLAR,INTRA_STATE,,
SS02258,Narayankhed_Photon1,Narayankhed_Photon1,5,5.5,IN_TG,SOLAR,INTRA_STATE,,
SS02259,Narayankhed_Photon2,Narayankhed_Photon2,5,5.5,IN_TG,SOLAR,INTRA_STATE,,
SS02260,Changda_Elecon,Changda_Elecon,3.2,4,IN_GJ,SOLAR,INTRA_STATE,0.07,
SS02261,BDL_Bhanur,BDL_Bhanur,5,5.51,IN_TG,SOLAR,INTRA_STATE,,
SS02262,Dhamdha_US,Dhamdha_US,100,148.53,IN_CH,SOLAR,INTRA_STATE,,
SS02263,Dhandhalpur_Hybridwind,Dhandhalpur_Hybridwind,9.2,9.2,IN_GJ,WIND,INTRA_STATE,0.12,Daily
SS02264,Dhandhalpur_Hybridsolar,Dhandhalpur_Hybridsolar,9.1,10.915,IN_GJ,SOLAR,INTRA_STATE,0.07,Daily
SS02265,Dhandhalpur_Hybrid,Dhandhalpur_Hybrid,18.3,20.115,IN_GJ,HYBRID,INTRA_STATE,,
SS02266,Kurchan_IGC,Kurchan_IGC,2.4,3,IN_GJ,SOLAR,INTRA_STATE,0.07,
SS02267,Kurchan_US,Kurchan_US,4,5.05,IN_GJ,SOLAR,INTRA_STATE,0.07,
SS02268,Bhatpur_Linde,Bhatpur_Linde,1.2,1.5,IN_GJ,SOLAR,INTRA_STATE,0.07,
SS02269,Kavaratti,Kavaratti,1.4,1.4,IN_LD,SOLAR,INTRA_STATE,,
SS02270,Agatti,Agatti,0.3,0.3,IN_LD,SOLAR,INTRA_STATE,,
SS02271,Kumbhari_REL,Kumbhari_REL,9.998,13.914,IN_MH,SOLAR,INTRA_STATE,,
SS02272,Kumbhari_US,Kumbhari_US,26.698,39.184,IN_MH,SOLAR,INTRA_STATE,,
SS02273,Thallak_R3,Thallak_R3,11.5,14.38,IN_KA,SOLAR,INTRA_STATE,,
SS02274,KPTCL _Chitradurga,KPTCL _Chitradurga,5,5,IN_KA,SOLAR,INTRA_STATE,,
SS02275,Dholia_Bhavani,Dholia_Bhavani,3,3,IN_GJ,SOLAR,INTRA_STATE,0.07,Daily
SS02276,Rampur_Chikku,Rampur_Chikku,22,27.94,IN_KA,SOLAR,INTRA_STATE,,
SS02277,Neknam_Solar,Neknam_Solar,21.5,27.5,IN_GJ,SOLAR,INTRA_STATE,0.07,Daily
SS02278,Neknam_Wind,Neknam_Wind,24.3,24.3,IN_GJ,WIND,INTRA_STATE,0.12,Daily
SS02279,Neknam_Hybrid,Neknam_Hybrid,45.8,51.8,IN_GJ,HYBRID,INTRA_STATE,,
SS02280,Patauja_Mishrikh,Patauja_Mishrikh,20,29.95,IN_UP,SOLAR,INTRA_STATE,0.15,Daily
SS02281,Petiya_Eskay,Petiya_Eskay,4,4.68,IN_GJ,SOLAR,INTRA_STATE,0.07,
SS02282,Rinari_Wind,Rinari_Wind,29.4,29.4,IN_GJ,WIND,INTRA_STATE,0.12,Daily
SS02283,Rinari_Solar,Rinari_Solar,14.69,22.81,IN_GJ,SOLAR,INTRA_STATE,0.07,Daily
SS02284,Rinari_Hybrid,Rinari_Hybrid,44.09,52.21,IN_GJ,HYBRID,INTRA_STATE,,
SS02285,Ilkal_Avaada,Ilkal_Avaada,60,81.04,IN_KA,SOLAR,INTRA_STATE,,
SS02286,Banavikal_Avaada,Banavikal_Avaada,30,40.52,IN_KA,SOLAR,INTRA_STATE,,
SS02287,Hanagal_Avaada,Hanagal_Avaada,30,40.51,IN_KA,SOLAR,INTRA_STATE,,
SS02288,K_H_Halli_Avaada,K_H_Halli_Avaada,30,40.42,IN_KA,SOLAR,INTRA_STATE,,
SS02289,T_R _ Dodla,T_R _ Dodla,8,8.29,IN_AP,SOLAR,INTRA_STATE,,
SS02290,Ramagiri_ASL,Ramagiri_ASL,2.025,2.025,IN_AP,WIND,INTRA_STATE,,
SS02291,Partur,Partur,5.1,6.4,IN_MH,SOLAR,INTRA_STATE,,
SS02292,Tarihal,Tarihal,8,8.8,IN_KA,SOLAR,INTRA_STATE,,
SS02293,MSPL,MSPL,17.4,17.4,IN_KA,WIND,INTRA_STATE,,
SS02294,Mohamadpuria,Mohamadpuria,6.8,7.5,IN_HR,SOLAR,INTRA_STATE,,
SS02295,Bhera,Bhera,5.1,6.004,IN_HR,SOLAR,INTRA_STATE,,
SS02296,Kathrikehal,Kathrikehal,5,6.5,IN_KA,SOLAR,INTRA_STATE,,
SS02297,Ramagiri_US,Ramagiri_US,8.85,8.85,IN_AP,WIND,INTRA_STATE,,
SS02298,Arni_Cleantech,Arni_Cleantech,7.37,9,IN_MH,SOLAR,INTRA_STATE,,
SS02299,Arni_US,Arni_US,87.37,117.03,IN_MH,SOLAR,INTRA_STATE,,
SS02300,PNG_Solar,PNG_Solar,6.03,7,IN_TG,SOLAR,INTRA_STATE,,
SS02301,Babra_Wind,Babra_Wind,66,66,IN_GJ,WIND,INTRA_STATE,0.12,
SS02302,Babra_Solar,Babra_Solar,35.2,52.818,IN_GJ,SOLAR,INTRA_STATE,0.07,
SS02303,Babra_Hybrid,Babra_Hybrid,101.2,118.818,IN_GJ,HYBRID,INTRA_STATE,,
SS02304,CLEAN_SOLAR_BHADLA,CLEAN_SOLAR_BHADLA,300,450,IN_RJ,SOLAR,INTER_STATE,,
SS02305,BHADLA_R1,BHADLA_R1,100,150,IN_RJ,SOLAR,INTER_STATE,,
SS02306,BHADLA_R2,BHADLA_R2,100,150,IN_RJ,SOLAR,INTER_STATE,,
SS02307,BHADLA_R3,BHADLA_R3,100,150,IN_RJ,SOLAR,INTER_STATE,,
SS02308,Baghameri_TEPL,Baghameri_TEPL,45,66.59,IN_MH,SOLAR,INTER_STATE,,
SS02309,Basireddypalem,Basireddypalem,1,1.015,IN_AP,SOLAR,INTRA_STATE,,
SS02310,KPTCL_Rampura_US,KPTCL_Rampura_US,29,35.64,IN_KA,SOLAR,INTRA_STATE,,
SS02311,Ramagiri_Siflon,Ramagiri_Siflon,1,1,IN_AP,WIND,INTRA_STATE,,
SS02334,Daisar_Kikani,Daisar_Kikani,7.67,8.996,IN_GJ,SOLAR,INTRA_STATE,0.07,
SS02335,ABC_RENEWABLE_ENERGY,ABC_RENEWABLE_ENERGY,300,444.6,IN_RJ,SOLAR,INTER_STATE,,
SS02349,AURAIYA SOLAR,AURAIYA SOLAR,40,52.2,IN_RJ,SOLAR,INTER_STATE,,
SS02380,Walekhindi,Walekhindi,5,7.392,IN_MH,SOLAR,INTRA_STATE,,
SS02381,Nani_Chandur_Kiran,Nani_Chandur_Kiran,2.2,2.77,IN_GJ,SOLAR,INTRA_STATE,0.07,
SS02388,Kalewadi,Kalewadi,7.68,11.25,IN_MH,SOLAR,INTRA_STATE,,
SS02483,Dubalgundi,Dubalgundi,25,35.06,IN_KA,SOLAR,INTRA_STATE,,
SS02484,Manjarwadi,Manjarwadi,50,72.5,IN_MH,SOLAR,INTRA_STATE,,
SS02485,Adani_Hybrid2A_Solar,Adani_Hybrid2A_Solar,300,420,IN_RJ,SOLAR,INTER_STATE,,
SS02486,Adani_Hybrid2A_Wind,Adani_Hybrid2A_Wind,75.8,75.8,IN_RJ,WIND,INTER_STATE,,
SS02487,Adani_Hybrid2A,Adani_Hybrid2A,375.8,495.8,IN_RJ,HYBRID,INTER_STATE,,
SS02488,Kamuthi_Enerparc,Kamuthi_Enerparc,22,33,IN_TN,SOLAR,INTRA_STATE,,
SS02489,Bhadla_Amp,Bhadla_Amp,100,135,IN_RJ,SOLAR,INTER_STATE,,
SS02490,Mahindra_MSUPL,Mahindra_MSUPL,250,335,IN_RJ,SOLAR,INTER_STATE,,
SS02491,Ayana,Ayana,2.25,2.25,IN_MP,WIND,INTRA_STATE,,
SS02493,SPRNG_NPKUNTA_ICR_1,SPRNG_NPKUNTA_ICR_1,25,38.5,IN_AP,SOLAR,INTER_STATE,,
SS02494,SPRNG_NPKUNTA_ICR_12,SPRNG_NPKUNTA_ICR_12,25,38.5,IN_AP,SOLAR,INTER_STATE,,
SS02495,SPRNG_NPKUNTA_ICR_13,SPRNG_NPKUNTA_ICR_13,25,38.5,IN_AP,SOLAR,INTER_STATE,,
SS02496,SPRNG_NPKUNTA_ICR_15,SPRNG_NPKUNTA_ICR_15,25,38.5,IN_AP,SOLAR,INTER_STATE,,
SS02497,SPRNG_NPKUNTA_ICR_18,SPRNG_NPKUNTA_ICR_18,25,38.5,IN_AP,SOLAR,INTER_STATE,,
SS02498,SPRNG_NPKUNTA_ICR_14,SPRNG_NPKUNTA_ICR_14,25,38.5,IN_AP,SOLAR,INTER_STATE,,
SS02499,SPRNG_NPKUNTA_ICR_19,SPRNG_NPKUNTA_ICR_19,25,38.5,IN_AP,SOLAR,INTER_STATE,,
SS02500,SPRNG_NPKUNTA_ICR_20,SPRNG_NPKUNTA_ICR_20,25,38.5,IN_AP,SOLAR,INTER_STATE,,
SS02501,SPRNG_NPKUNTA_ICR_2,SPRNG_NPKUNTA_ICR_2,25,38.5,IN_AP,SOLAR,INTER_STATE,,
SS02502,SPRNG_NPKUNTA_ICR_21,SPRNG_NPKUNTA_ICR_21,25,38.5,IN_AP,SOLAR,INTER_STATE,,
SS02503,Kasar,Kasar,54,54,IN_MH,WIND,INTER_STATE,,
SS02504,Betagera_Sunsource,Betagera_Sunsource,50,75,IN_KA,SOLAR,INTRA_STATE,,
SS02505,Alpur,Alpur,20,26.8,IN_KA,SOLAR,INTRA_STATE,,
SS02506,Chalamali,Chalamali,2,2.6,IN_GJ,SOLAR,INTRA_STATE,0.07,
SS02507,Auraiya_Floating,Auraiya_Floating,20,27.5,IN_RJ,SOLAR,INTER_STATE,,
SS02508,Auraiya_Grounded,Auraiya_Grounded,20,24.7,IN_RJ,SOLAR,INTER_STATE,,
